-- phpMyAdmin SQL Dump
-- version 5.1.0
-- https://www.phpmyadmin.net/
--
-- Host: localhost
-- Generation Time: Dec 25, 2021 at 04:16 PM
-- Server version: 5.7.24
-- PHP Version: 7.4.16

SET SQL_MODE = "NO_AUTO_VALUE_ON_ZERO";
START TRANSACTION;
SET time_zone = "+00:00";


/*!40101 SET @OLD_CHARACTER_SET_CLIENT=@@CHARACTER_SET_CLIENT */;
/*!40101 SET @OLD_CHARACTER_SET_RESULTS=@@CHARACTER_SET_RESULTS */;
/*!40101 SET @OLD_COLLATION_CONNECTION=@@COLLATION_CONNECTION */;
/*!40101 SET NAMES utf8mb4 */;

--
-- Database: `crm`
--

-- --------------------------------------------------------

--
-- Table structure for table `admins`
--

CREATE TABLE `admins` (
  `id` bigint(20) UNSIGNED NOT NULL,
  `name` varchar(255) COLLATE utf8mb4_unicode_ci NOT NULL,
  `email` varchar(255) COLLATE utf8mb4_unicode_ci NOT NULL,
  `email_verified_at` timestamp NULL DEFAULT NULL,
  `password` varchar(255) COLLATE utf8mb4_unicode_ci NOT NULL,
  `created_at` timestamp NULL DEFAULT NULL,
  `updated_at` timestamp NULL DEFAULT NULL,
  `role` varchar(255) COLLATE utf8mb4_unicode_ci NOT NULL,
  `pin` int(11) NOT NULL DEFAULT '0',
  `confirmed` tinyint(1) NOT NULL DEFAULT '0',
  `online` tinyint(1) NOT NULL DEFAULT '0',
  `remember_token` varchar(100) COLLATE utf8mb4_unicode_ci DEFAULT NULL,
  `phonenumber` varchar(255) COLLATE utf8mb4_unicode_ci DEFAULT NULL,
  `firsttime` tinyint(1) NOT NULL DEFAULT '1'
) ENGINE=InnoDB DEFAULT CHARSET=utf8mb4 COLLATE=utf8mb4_unicode_ci;

--
-- Dumping data for table `admins`
--

INSERT INTO `admins` (`id`, `name`, `email`, `email_verified_at`, `password`, `created_at`, `updated_at`, `role`, `pin`, `confirmed`, `online`, `remember_token`, `phonenumber`, `firsttime`) VALUES
(1, 'Bulzart', 'bulzarti@gmail.com', NULL, '$2y$10$/zrkqp456yzkwFkJ2atsjOi5ypfrC5J6hgO.0.HVlx6WCUpqCFHZi', '2021-11-25 11:42:43', '2021-12-25 14:41:13', 'fs', 1878, 0, 0, NULL, '44445455', 0),
(2, 'bulzart', 'buli@gmail.com', NULL, '$2y$10$/zrkqp456yzkwFkJ2atsjOi5ypfrC5J6hgO.0.HVlx6WCUpqCFHZi', NULL, '2021-12-25 15:08:15', 'fs', 7804, 0, 0, NULL, '44445455', 1),
(4, 'buli', 'bulii@gmail.com', NULL, '$2y$10$/zrkqp456yzkwFkJ2atsjOi5ypfrC5J6hgO.0.HVlx6WCUpqCFHZi', NULL, '2021-12-25 14:22:10', 'fs', 6300, 0, 0, NULL, '44445455', 1),
(5, 'bulzart', 'buliii@gmail.com', NULL, '$2y$10$/zrkqp456yzkwFkJ2atsjOi5ypfrC5J6hgO.0.HVlx6WCUpqCFHZi', NULL, NULL, 'fs', 0, 0, 0, NULL, '44445455', 1),
(12, 'bulzart', 'buliiii@gmail.com', NULL, '$2y$10$/zrkqp456yzkwFkJ2atsjOi5ypfrC5J6hgO.0.HVlx6WCUpqCFHZi', NULL, NULL, 'admin', 0, 0, 0, NULL, '44445455', 1),
(13, 'bulzart', 'buliiiii@gmail.com', NULL, '$2y$10$/zrkqp456yzkwFkJ2atsjOi5ypfrC5J6hgO.0.HVlx6WCUpqCFHZi', NULL, NULL, 'salesmanager', 0, 0, 0, NULL, '44445455', 1),
(19, 'bulzarti', 'buliiiiii@gmail.com', NULL, '$2y$10$/zrkqp456yzkwFkJ2atsjOi5ypfrC5J6hgO.0.HVlx6WCUpqCFHZi', NULL, NULL, 'backoffice', 0, 0, 0, NULL, NULL, 1),
(22, 'bulzart', 'buliiiiiiii@gmail.com', NULL, '$2y$10$/zrkqp456yzkwFkJ2atsjOi5ypfrC5J6hgO.0.HVlx6WCUpqCFHZi', NULL, NULL, 'backoffice', 0, 0, 0, NULL, NULL, 1),
(23, 'bulzart', 'buliiiiiiiii@gmail.com', NULL, '$2y$10$/zrkqp456yzkwFkJ2atsjOi5ypfrC5J6hgO.0.HVlx6WCUpqCFHZi', NULL, NULL, 'salesmenager', 0, 0, 0, NULL, NULL, 1);

-- --------------------------------------------------------

--
-- Table structure for table `campaigns`
--

CREATE TABLE `campaigns` (
  `id` bigint(20) UNSIGNED NOT NULL,
  `name` varchar(255) COLLATE utf8mb4_unicode_ci NOT NULL,
  `created_at` timestamp NULL DEFAULT NULL,
  `updated_at` timestamp NULL DEFAULT NULL
) ENGINE=InnoDB DEFAULT CHARSET=utf8mb4 COLLATE=utf8mb4_unicode_ci;

--
-- Dumping data for table `campaigns`
--

INSERT INTO `campaigns` (`id`, `name`, `created_at`, `updated_at`) VALUES
(1, 'instagram', NULL, NULL),
(2, 'facebook', NULL, NULL),
(5, 'google', NULL, NULL);

-- --------------------------------------------------------

--
-- Table structure for table `chats`
--

CREATE TABLE `chats` (
  `id` bigint(20) UNSIGNED NOT NULL,
  `costumer_id` int(11) NOT NULL,
  `admin_id` int(11) NOT NULL,
  `chat` json DEFAULT NULL,
  `rating` varchar(255) COLLATE utf8mb4_unicode_ci NOT NULL,
  `created_at` timestamp NULL DEFAULT NULL,
  `updated_at` timestamp NULL DEFAULT NULL
) ENGINE=InnoDB DEFAULT CHARSET=utf8mb4 COLLATE=utf8mb4_unicode_ci;

--
-- Dumping data for table `chats`
--

INSERT INTO `chats` (`id`, `costumer_id`, `admin_id`, `chat`, `rating`, `created_at`, `updated_at`) VALUES
(1, 1, 1, NULL, 'Nice', '2021-12-01 10:22:38', '2021-12-01 10:22:38');

-- --------------------------------------------------------

--
-- Table structure for table `csapp`
--

CREATE TABLE `csapp` (
  `id` bigint(20) UNSIGNED NOT NULL,
  `name` varchar(255) COLLATE utf8mb4_unicode_ci DEFAULT NULL,
  `lead_id` int(11) NOT NULL,
  `family` json DEFAULT NULL,
  `created_at` timestamp NULL DEFAULT NULL,
  `updated_at` timestamp NULL DEFAULT NULL,
  `lname` varchar(255) COLLATE utf8mb4_unicode_ci DEFAULT NULL,
  `birthday` varchar(255) COLLATE utf8mb4_unicode_ci DEFAULT NULL,
  `completed` tinyint(1) DEFAULT '0',
  `status` varchar(255) COLLATE utf8mb4_unicode_ci NOT NULL DEFAULT 'in progress',
  `data` json DEFAULT NULL,
  `contracts` json DEFAULT NULL,
  `unsigned_data` json DEFAULT NULL
) ENGINE=InnoDB DEFAULT CHARSET=utf8mb4 COLLATE=utf8mb4_unicode_ci;

--
-- Dumping data for table `csapp`
--

INSERT INTO `csapp` (`id`, `name`, `lead_id`, `family`, `created_at`, `updated_at`, `lname`, `birthday`, `completed`, `status`, `data`, `contracts`, `unsigned_data`) VALUES
(5, 'bulzart', 4, '[{\"fname\": \"bulzart\", \"lname\": \"aliu\", \"birthday\": \"2021-12-21\"}, {\"fname\": \"aswqewq\", \"lname\": \"aqwqwe\", \"birthday\": \"2021-12-08\"}, {\"fname\": \"basss\", \"lname\": \"ewqe\", \"birthday\": \"2021-12-21\"}]', '2021-11-06 15:10:29', '2021-12-23 16:51:51', 'aliu', '1986-12-25', 0, 'in progress', NULL, NULL, '{\"job\": null, \"csapp\": 5, \"email\": \"albeniti@gmail.org\", \"phone\": \"444444444441\", \"kanton\": \"Zürich\", \"lenker\": \"No\", \"admin_id\": 1, \"preinsurer\": \"img/123txttxt12-28476.txt\", \"yearpurchase\": \"2021\", \"deductionpart\": \"1000\", \"martialstatus\": \"\", \"numberofrooms\": \"1\", \"paymentrhythm\": \"Weekly\", \"numberofpeople\": \"1\", \"nationalityfinance\": \"afghan\", \"employmentrelationship\": \"Coworkers\", \"numberofpeopleinsurance\": \"1\"}'),
(6, 'albenit', 1, NULL, '2021-11-07 11:18:49', '2021-12-13 15:49:29', 'Bytyqi', '1974-12-25', 1, 'in progress', '{\"job\": null, \"email\": null, \"phone\": \"44\", \"_token\": \"vi7OBDGLTlF9DOPUv2eovCo2ojYf7UGM7LFmw0pK\", \"kanton\": \"Zürich\", \"lenker\": \"Yes\", \"comment\": null, \"kmstand\": null, \"society\": null, \"insurance\": \"300\", \"carcomment\": null, \"leasingname\": null, \"nationality\": null, \"yearpurchase\": \"2021\", \"deductionpart\": \"1000\", \"martialstatus\": \"Married\", \"numberofrooms\": \"1\", \"paymentrhythm\": \"Weekly\", \"thingscarried\": null, \"amountpermonth\": null, \"numberofpeople\": \"1\", \"startinsurance\": null, \"commentatpolice\": null, \"insuranceamount\": null, \"residencepermit\": null, \"contractstartdate\": null, \"firstcommissioning\": null, \"nationalityfinance\": null, \"employmentrelationship\": \"Coworkers\", \"wishedadditionalthings\": null, \"numberofpeopleinsurance\": \"1\", \"dateofissueofdriverslicense\": null, \"whichcompaniesshouldmakeanoffer\": null}', '{\"con1\": \"Krankenkasse\", \"con2\": \"Auto\"}', NULL),
(7, 'jasin', 1, NULL, '2021-01-10 11:59:05', '2021-12-10 11:59:05', 'Bilalli', '1998-12-16', 0, 'in progress', '{\"job\": null, \"email\": null, \"_token\": \"wSHH5fgWWxtiKRw7grnKP4QRphZ98Odt8IVk0lQG\", \"kanton\": \"Zürich\", \"lenker\": \"Yes\", \"comment\": null, \"kmstand\": null, \"society\": null, \"insurance\": \"Example1\", \"carcomment\": null, \"preinsurer\": {}, \"countryCode\": \"44\", \"leasingname\": null, \"nationality\": null, \"phonenumber\": null, \"yearpurchase\": \"2021\", \"deductionpart\": null, \"martialstatus\": \"Married\", \"numberofrooms\": \"1\", \"paymentrhythm\": \"Weekly\", \"thingscarried\": null, \"amountpermonth\": null, \"numberofpeople\": \"1\", \"startinsurance\": null, \"commentatpolice\": null, \"insuranceamount\": null, \"residencepermit\": null, \"contractstartdate\": null, \"firstcommissioning\": null, \"nationalityfinance\": null, \"employmentrelationship\": \"Coworkers\", \"wishedadditionalthings\": null, \"numberofpeopleinsurance\": \"1\", \"dateofissueofdriverslicense\": null, \"whichcompaniesshouldmakeanoffer\": null}', '{\"con1\": \"Krankenkasse\", \"con2\": \"Auto\"}', NULL),
(8, 'bleron', 4, NULL, '2021-12-10 12:00:19', '2021-12-10 12:00:19', 'qweqwe', '1974-12-09', 1, 'in progress', '{\"job\": null, \"email\": null, \"_token\": \"wSHH5fgWWxtiKRw7grnKP4QRphZ98Odt8IVk0lQG\", \"kanton\": \"Zürich\", \"lenker\": \"Yes\", \"comment\": null, \"kmstand\": null, \"society\": null, \"insurance\": \"Example1\", \"carcomment\": null, \"preinsurer\": {}, \"countryCode\": \"44\", \"leasingname\": null, \"nationality\": null, \"phonenumber\": null, \"yearpurchase\": \"2021\", \"deductionpart\": null, \"martialstatus\": \"Married\", \"numberofrooms\": \"1\", \"paymentrhythm\": \"Weekly\", \"thingscarried\": null, \"amountpermonth\": null, \"numberofpeople\": \"1\", \"startinsurance\": null, \"commentatpolice\": null, \"insuranceamount\": null, \"residencepermit\": null, \"contractstartdate\": null, \"firstcommissioning\": null, \"nationalityfinance\": null, \"employmentrelationship\": \"Coworkers\", \"wishedadditionalthings\": null, \"numberofpeopleinsurance\": \"1\", \"dateofissueofdriverslicense\": null, \"whichcompaniesshouldmakeanoffer\": null}', '{\"con1\": \"Krankenkasse\", \"con2\": \"Auto\"}', NULL),
(9, 'aslkqlwe', 1, NULL, '2021-12-10 12:01:49', '2021-12-10 12:01:49', 'qweqwe', '1974-12-09', 1, 'in progress', '{\"job\": null, \"email\": null, \"_token\": \"wSHH5fgWWxtiKRw7grnKP4QRphZ98Odt8IVk0lQG\", \"kanton\": \"Zürich\", \"lenker\": \"Yes\", \"comment\": null, \"kmstand\": null, \"society\": null, \"insurance\": \"Example1\", \"carcomment\": null, \"preinsurer\": {}, \"countryCode\": \"44\", \"leasingname\": null, \"nationality\": null, \"phonenumber\": null, \"yearpurchase\": \"2021\", \"deductionpart\": null, \"martialstatus\": \"Married\", \"numberofrooms\": \"1\", \"paymentrhythm\": \"Weekly\", \"thingscarried\": null, \"amountpermonth\": null, \"numberofpeople\": \"1\", \"startinsurance\": null, \"commentatpolice\": null, \"insuranceamount\": null, \"residencepermit\": null, \"contractstartdate\": null, \"firstcommissioning\": null, \"nationalityfinance\": null, \"employmentrelationship\": \"Coworkers\", \"wishedadditionalthings\": null, \"numberofpeopleinsurance\": \"1\", \"dateofissueofdriverslicense\": null, \"whichcompaniesshouldmakeanoffer\": null}', '{\"con1\": \"Krankenkasse\", \"con2\": \"Auto\"}', NULL),
(10, 'art', 4, NULL, '2021-12-10 12:07:11', '2021-12-10 12:07:11', 'qweqwe', '1974-12-09', 1, 'in progress', '{\"job\": null, \"email\": null, \"_token\": \"wSHH5fgWWxtiKRw7grnKP4QRphZ98Odt8IVk0lQG\", \"kanton\": \"Zürich\", \"lenker\": \"Yes\", \"comment\": null, \"kmstand\": null, \"society\": null, \"insurance\": \"Example1\", \"carcomment\": null, \"preinsurer\": {}, \"countryCode\": \"44\", \"leasingname\": null, \"nationality\": null, \"phonenumber\": null, \"yearpurchase\": \"2021\", \"deductionpart\": null, \"martialstatus\": \"Married\", \"numberofrooms\": \"1\", \"paymentrhythm\": \"Weekly\", \"thingscarried\": null, \"amountpermonth\": null, \"numberofpeople\": \"1\", \"startinsurance\": null, \"commentatpolice\": null, \"insuranceamount\": null, \"residencepermit\": null, \"contractstartdate\": null, \"firstcommissioning\": null, \"nationalityfinance\": null, \"employmentrelationship\": \"Coworkers\", \"wishedadditionalthings\": null, \"numberofpeopleinsurance\": \"1\", \"dateofissueofdriverslicense\": null, \"whichcompaniesshouldmakeanoffer\": null}', NULL, NULL),
(11, 'bulzart', 1, NULL, '2021-12-10 12:11:05', '2021-12-10 12:11:05', 'Aliu', '1974-12-16', 1, 'in progress', '{\"job\": null, \"email\": null, \"_token\": \"wSHH5fgWWxtiKRw7grnKP4QRphZ98Odt8IVk0lQG\", \"kanton\": \"Zürich\", \"lenker\": \"Yes\", \"comment\": null, \"kmstand\": null, \"society\": null, \"insurance\": \"Example1\", \"carcomment\": null, \"preinsurer\": {}, \"countryCode\": \"44\", \"leasingname\": null, \"nationality\": null, \"phonenumber\": null, \"yearpurchase\": \"2021\", \"deductionpart\": null, \"martialstatus\": \"Married\", \"numberofrooms\": \"1\", \"paymentrhythm\": \"Weekly\", \"thingscarried\": null, \"amountpermonth\": null, \"numberofpeople\": \"1\", \"startinsurance\": null, \"commentatpolice\": null, \"insuranceamount\": null, \"residencepermit\": null, \"contractstartdate\": null, \"firstcommissioning\": null, \"nationalityfinance\": null, \"employmentrelationship\": \"Coworkers\", \"wishedadditionalthings\": null, \"numberofpeopleinsurance\": \"1\", \"dateofissueofdriverslicense\": null, \"whichcompaniesshouldmakeanoffer\": null}', NULL, NULL),
(12, 'aslkqlwe', 4, NULL, '2021-12-10 12:11:53', '2021-12-10 12:11:53', 'qweqwe', '1974-12-09', 0, 'in progress', '{\"job\": null, \"email\": null, \"_token\": \"wSHH5fgWWxtiKRw7grnKP4QRphZ98Odt8IVk0lQG\", \"kanton\": \"Zürich\", \"lenker\": \"Yes\", \"comment\": null, \"kmstand\": null, \"society\": null, \"insurance\": \"Example1\", \"carcomment\": null, \"preinsurer\": {}, \"countryCode\": \"44\", \"leasingname\": null, \"nationality\": null, \"phonenumber\": null, \"yearpurchase\": \"2021\", \"deductionpart\": null, \"martialstatus\": \"Married\", \"numberofrooms\": \"1\", \"paymentrhythm\": \"Weekly\", \"thingscarried\": null, \"amountpermonth\": null, \"numberofpeople\": \"1\", \"startinsurance\": null, \"commentatpolice\": null, \"insuranceamount\": null, \"residencepermit\": null, \"contractstartdate\": null, \"firstcommissioning\": null, \"nationalityfinance\": null, \"employmentrelationship\": \"Coworkers\", \"wishedadditionalthings\": null, \"numberofpeopleinsurance\": \"1\", \"dateofissueofdriverslicense\": null, \"whichcompaniesshouldmakeanoffer\": null}', NULL, NULL),
(13, 'aslkqlwe', 1, NULL, '2021-12-10 12:18:18', '2021-12-10 12:18:18', 'qweqwe', '1974-12-09', 1, 'in progress', '{\"job\": null, \"email\": null, \"_token\": \"wSHH5fgWWxtiKRw7grnKP4QRphZ98Odt8IVk0lQG\", \"kanton\": \"Zürich\", \"lenker\": \"Yes\", \"comment\": null, \"kmstand\": null, \"society\": null, \"insurance\": \"Example1\", \"carcomment\": null, \"preinsurer\": {}, \"countryCode\": \"44\", \"leasingname\": null, \"nationality\": null, \"phonenumber\": null, \"yearpurchase\": \"2021\", \"deductionpart\": null, \"martialstatus\": \"Married\", \"numberofrooms\": \"1\", \"paymentrhythm\": \"Weekly\", \"thingscarried\": null, \"amountpermonth\": null, \"numberofpeople\": \"1\", \"startinsurance\": null, \"commentatpolice\": null, \"insuranceamount\": null, \"residencepermit\": null, \"contractstartdate\": null, \"firstcommissioning\": null, \"nationalityfinance\": null, \"employmentrelationship\": \"Coworkers\", \"wishedadditionalthings\": null, \"numberofpeopleinsurance\": \"1\", \"dateofissueofdriverslicense\": null, \"whichcompaniesshouldmakeanoffer\": null}', NULL, NULL),
(14, 'aslkqlwe', 4, NULL, '2021-12-10 12:18:31', '2021-12-10 12:18:31', 'qweqwe', '1974-12-15', 0, 'in progress', '{\"job\": null, \"email\": null, \"_token\": \"wSHH5fgWWxtiKRw7grnKP4QRphZ98Odt8IVk0lQG\", \"kanton\": \"Zürich\", \"lenker\": \"Yes\", \"comment\": null, \"kmstand\": null, \"society\": null, \"insurance\": \"Example1\", \"carcomment\": null, \"preinsurer\": {}, \"countryCode\": \"44\", \"leasingname\": null, \"nationality\": null, \"phonenumber\": null, \"yearpurchase\": \"2021\", \"deductionpart\": null, \"martialstatus\": \"Married\", \"numberofrooms\": \"1\", \"paymentrhythm\": \"Weekly\", \"thingscarried\": null, \"amountpermonth\": null, \"numberofpeople\": \"1\", \"startinsurance\": null, \"commentatpolice\": null, \"insuranceamount\": null, \"residencepermit\": null, \"contractstartdate\": null, \"firstcommissioning\": null, \"nationalityfinance\": null, \"employmentrelationship\": \"Coworkers\", \"wishedadditionalthings\": null, \"numberofpeopleinsurance\": \"1\", \"dateofissueofdriverslicense\": null, \"whichcompaniesshouldmakeanoffer\": null}', NULL, NULL),
(15, 'aslkqlwe', 4, NULL, '2021-12-10 12:22:23', '2021-12-10 12:22:23', 'qweqwe', '1974-12-09', 0, 'in progress', '{\"job\": null, \"email\": null, \"_token\": \"wSHH5fgWWxtiKRw7grnKP4QRphZ98Odt8IVk0lQG\", \"kanton\": \"Zürich\", \"lenker\": \"Yes\", \"comment\": null, \"kmstand\": null, \"society\": null, \"insurance\": \"Example1\", \"carcomment\": null, \"preinsurer\": {}, \"countryCode\": \"44\", \"leasingname\": null, \"nationality\": null, \"phonenumber\": null, \"yearpurchase\": \"2021\", \"deductionpart\": null, \"martialstatus\": \"Married\", \"numberofrooms\": \"1\", \"paymentrhythm\": \"Weekly\", \"thingscarried\": null, \"amountpermonth\": null, \"numberofpeople\": \"1\", \"startinsurance\": null, \"commentatpolice\": null, \"insuranceamount\": null, \"residencepermit\": null, \"contractstartdate\": null, \"firstcommissioning\": null, \"nationalityfinance\": null, \"employmentrelationship\": \"Coworkers\", \"wishedadditionalthings\": null, \"numberofpeopleinsurance\": \"1\", \"dateofissueofdriverslicense\": null, \"whichcompaniesshouldmakeanoffer\": null}', NULL, NULL),
(16, 'aslkqlwe', 1, NULL, '2021-12-10 12:27:57', '2021-12-10 12:27:57', 'qweqwe', '1974-12-09', 1, 'in progress', '{\"job\": null, \"email\": null, \"_token\": \"wSHH5fgWWxtiKRw7grnKP4QRphZ98Odt8IVk0lQG\", \"kanton\": \"Zürich\", \"lenker\": \"Yes\", \"comment\": null, \"kmstand\": null, \"society\": null, \"insurance\": \"Example1\", \"carcomment\": null, \"preinsurer\": {}, \"countryCode\": \"44\", \"leasingname\": null, \"nationality\": null, \"phonenumber\": null, \"yearpurchase\": \"2021\", \"deductionpart\": null, \"martialstatus\": \"Married\", \"numberofrooms\": \"1\", \"paymentrhythm\": \"Weekly\", \"thingscarried\": null, \"amountpermonth\": null, \"numberofpeople\": \"1\", \"startinsurance\": null, \"commentatpolice\": null, \"insuranceamount\": null, \"residencepermit\": null, \"contractstartdate\": null, \"firstcommissioning\": null, \"nationalityfinance\": null, \"employmentrelationship\": \"Coworkers\", \"wishedadditionalthings\": null, \"numberofpeopleinsurance\": \"1\", \"dateofissueofdriverslicense\": null, \"whichcompaniesshouldmakeanoffer\": null}', NULL, NULL),
(17, 'aslkqlwe', 4, NULL, '2021-12-10 12:29:10', '2021-12-10 12:29:10', 'qweqwe', '1974-12-09', 0, 'in progress', '{\"job\": null, \"email\": null, \"_token\": \"wSHH5fgWWxtiKRw7grnKP4QRphZ98Odt8IVk0lQG\", \"kanton\": \"Zürich\", \"lenker\": \"Yes\", \"comment\": null, \"kmstand\": null, \"society\": null, \"insurance\": \"Example1\", \"carcomment\": null, \"preinsurer\": {}, \"countryCode\": \"44\", \"leasingname\": null, \"nationality\": null, \"phonenumber\": null, \"yearpurchase\": \"2021\", \"deductionpart\": null, \"martialstatus\": \"Married\", \"numberofrooms\": \"1\", \"paymentrhythm\": \"Weekly\", \"thingscarried\": null, \"amountpermonth\": null, \"numberofpeople\": \"1\", \"startinsurance\": null, \"commentatpolice\": null, \"insuranceamount\": null, \"residencepermit\": null, \"contractstartdate\": null, \"firstcommissioning\": null, \"nationalityfinance\": null, \"employmentrelationship\": \"Coworkers\", \"wishedadditionalthings\": null, \"numberofpeopleinsurance\": \"1\", \"dateofissueofdriverslicense\": null, \"whichcompaniesshouldmakeanoffer\": null}', NULL, NULL),
(18, 'aslkqlwe', 4, NULL, '2021-12-10 12:41:34', '2021-12-10 12:41:34', 'qweqwe', '1974-12-09', 1, 'in progress', '{\"job\": null, \"email\": null, \"_token\": \"wSHH5fgWWxtiKRw7grnKP4QRphZ98Odt8IVk0lQG\", \"kanton\": \"Zürich\", \"lenker\": \"Yes\", \"comment\": null, \"kmstand\": null, \"society\": null, \"insurance\": \"Example1\", \"carcomment\": null, \"preinsurer\": {}, \"countryCode\": \"44\", \"leasingname\": null, \"nationality\": null, \"phonenumber\": null, \"yearpurchase\": \"2021\", \"deductionpart\": null, \"martialstatus\": \"Married\", \"numberofrooms\": \"1\", \"paymentrhythm\": \"Weekly\", \"thingscarried\": null, \"amountpermonth\": null, \"numberofpeople\": \"1\", \"startinsurance\": null, \"commentatpolice\": null, \"insuranceamount\": null, \"residencepermit\": null, \"contractstartdate\": null, \"firstcommissioning\": null, \"nationalityfinance\": null, \"employmentrelationship\": \"Coworkers\", \"wishedadditionalthings\": null, \"numberofpeopleinsurance\": \"1\", \"dateofissueofdriverslicense\": null, \"whichcompaniesshouldmakeanoffer\": null}', NULL, NULL),
(19, 'kasl', 1, '[{\"fname\": \"qweqw\", \"lname\": \"wqeqwe\", \"birthday\": \"2021-12-16\"}, {\"fname\": \"wqewqe\", \"lname\": \"qweqwe\", \"birthday\": \"2021-12-16\"}, {\"fname\": \"qweqwe\", \"lname\": \"wqewqe\", \"birthday\": \"2021-12-09\"}]', '2021-12-10 15:56:36', '2021-12-10 15:56:36', 'qwewq', '2021-12-02', 0, 'in progress', NULL, NULL, NULL),
(20, 'buli', 4, NULL, NULL, NULL, 'aliu', '2000-08-26', 0, 'in progress', NULL, NULL, NULL),
(21, 'buli', 4, NULL, NULL, NULL, 'aliu', '2000-08-26', 0, 'in progress', NULL, NULL, NULL);

-- --------------------------------------------------------

--
-- Table structure for table `deletedlead`
--

CREATE TABLE `deletedlead` (
  `id` bigint(20) UNSIGNED NOT NULL,
  `name` varchar(255) COLLATE utf8mb4_unicode_ci NOT NULL,
  `count` int(11) NOT NULL,
  `date` date NOT NULL,
  `reason` varchar(255) COLLATE utf8mb4_unicode_ci NOT NULL,
  `comment` varchar(255) COLLATE utf8mb4_unicode_ci NOT NULL,
  `created_at` timestamp NULL DEFAULT NULL,
  `updated_at` timestamp NULL DEFAULT NULL,
  `address` varchar(255) COLLATE utf8mb4_unicode_ci DEFAULT NULL
) ENGINE=InnoDB DEFAULT CHARSET=utf8mb4 COLLATE=utf8mb4_unicode_ci;

-- --------------------------------------------------------

--
-- Table structure for table `failed_jobs`
--

CREATE TABLE `failed_jobs` (
  `id` bigint(20) UNSIGNED NOT NULL,
  `uuid` varchar(255) COLLATE utf8mb4_unicode_ci NOT NULL,
  `connection` text COLLATE utf8mb4_unicode_ci NOT NULL,
  `queue` text COLLATE utf8mb4_unicode_ci NOT NULL,
  `payload` longtext COLLATE utf8mb4_unicode_ci NOT NULL,
  `exception` longtext COLLATE utf8mb4_unicode_ci NOT NULL,
  `failed_at` timestamp NOT NULL DEFAULT CURRENT_TIMESTAMP
) ENGINE=InnoDB DEFAULT CHARSET=utf8mb4 COLLATE=utf8mb4_unicode_ci;

-- --------------------------------------------------------

--
-- Table structure for table `leads`
--

CREATE TABLE `leads` (
  `id` bigint(20) UNSIGNED NOT NULL,
  `name` varchar(255) COLLATE utf8mb4_unicode_ci NOT NULL,
  `count` int(11) NOT NULL,
  `created_at` timestamp NULL DEFAULT NULL,
  `updated_at` timestamp NULL DEFAULT NULL,
  `campaign_id` int(11) DEFAULT NULL,
  `admin_id` int(11) DEFAULT NULL,
  `assigned` tinyint(1) NOT NULL DEFAULT '0',
  `completed` int(11) NOT NULL DEFAULT '0',
  `address` varchar(255) COLLATE utf8mb4_unicode_ci DEFAULT NULL,
  `advisor` varchar(255) COLLATE utf8mb4_unicode_ci DEFAULT NULL,
  `day` varchar(255) COLLATE utf8mb4_unicode_ci DEFAULT NULL,
  `language` varchar(255) COLLATE utf8mb4_unicode_ci DEFAULT NULL,
  `nationality` varchar(255) COLLATE utf8mb4_unicode_ci DEFAULT NULL,
  `postcode` int(11) DEFAULT NULL,
  `location` varchar(255) COLLATE utf8mb4_unicode_ci DEFAULT NULL,
  `telprivat` varchar(255) COLLATE utf8mb4_unicode_ci DEFAULT NULL,
  `appointmentdate` varchar(50) COLLATE utf8mb4_unicode_ci DEFAULT NULL,
  `lname` varchar(50) COLLATE utf8mb4_unicode_ci NOT NULL,
  `wantsonline` tinyint(1) NOT NULL DEFAULT '0',
  `app` tinyint(1) DEFAULT NULL,
  `time` varchar(255) COLLATE utf8mb4_unicode_ci DEFAULT NULL,
  `slug` varchar(255) COLLATE utf8mb4_unicode_ci DEFAULT NULL,
  `assign_date` timestamp NULL DEFAULT NULL,
  `lati` double(30,25) NOT NULL,
  `longi` double(30,25) NOT NULL
) ENGINE=InnoDB DEFAULT CHARSET=utf8mb4 COLLATE=utf8mb4_unicode_ci;

--
-- Dumping data for table `leads`
--

INSERT INTO `leads` (`id`, `name`, `count`, `created_at`, `updated_at`, `campaign_id`, `admin_id`, `assigned`, `completed`, `address`, `advisor`, `day`, `language`, `nationality`, `postcode`, `location`, `telprivat`, `appointmentdate`, `lname`, `wantsonline`, `app`, `time`, `slug`, `assign_date`, `lati`, `longi`) VALUES
(1, 'Adrienne', 4, '2021-11-27 14:23:49', '2021-12-25 14:41:34', 2, 1, 0, 0, 'Rruga b mati 1', NULL, NULL, NULL, NULL, NULL, 'ferizaj', NULL, '2021-12-25', 'Funk', 0, NULL, '18:43', 'adrienne-4', NULL, 42.6629138000000000000000000, 21.1655028000000000000000000),
(4, 'Cristoba', 9, '2021-11-27 14:23:49', '2021-11-29 14:24:13', 2, 1, 1, 0, 'Prishtine', NULL, NULL, NULL, NULL, NULL, 'ferizaj', NULL, '2021-12-25', 'Dooley', 0, NULL, '16:44', 'cristoba-5', NULL, 42.3760152000000000000000000, 21.1600958000000000000000000),
(5, 'Violet Runte', 10, '2021-11-27 14:23:49', '2021-12-13 10:26:15', 2, 1, 1, 0, 'Rruga b mati 1', NULL, NULL, NULL, NULL, NULL, NULL, NULL, '2021-12-20', '', 0, NULL, '14:26', 'kakskkqw-1', NULL, 42.3760152000000000000000000, 21.1600958000000000000000000),
(6, 'Kenny Armstrong Sr.', 8, '2021-11-27 14:23:49', '2021-11-27 14:23:49', 2, 1, 0, 1, '28 nentori', NULL, NULL, NULL, NULL, NULL, NULL, NULL, '2021-12-17', '', 0, NULL, NULL, 'kwqewqe-1', NULL, 42.3760152000000000000000000, 21.1600958000000000000000000),
(7, 'Zula Reichert', 10, '2021-11-27 14:23:49', '2021-11-27 14:23:49', 2, 0, 0, 0, '28 nentori', NULL, NULL, NULL, NULL, NULL, NULL, NULL, '', '', 0, NULL, NULL, 'ereterte', NULL, 42.3760152000000000000000000, 21.1600958000000000000000000),
(8, 'Laila Hayes', 2, '2021-11-27 14:23:49', '2021-11-27 14:23:49', 2, 0, 0, 0, 'rruga b mati 1', NULL, NULL, NULL, NULL, NULL, NULL, NULL, '', '', 0, NULL, NULL, 'erterfdfret', NULL, 42.3760152000000000000000000, 21.1600958000000000000000000),
(9, 'Bulzart', 2, '2021-12-23 13:14:19', '2021-12-23 13:14:19', 2, 1, 0, 0, 'vllezerit gervalla', NULL, 'Thursday', NULL, 'Kosove', 70000, 'Ferizaj', '55465456', '2021-12-23', 'Aliu', 0, NULL, NULL, 'bulzart-9', NULL, 42.3760152000000000000000000, 21.1600958000000000000000000),
(450, 'Kenny Reichel', 3, '2021-12-25 15:15:32', '2021-12-25 15:15:32', 2, 8, 0, 0, '378 Bethel Pike\nMertzbury, MS 49096', NULL, NULL, NULL, NULL, NULL, NULL, '520-204-8893', '2021-12-29', 'Walsh', 0, NULL, '04:05', 'client75963969', NULL, -59.4863610000000000000000000, -24.0751800000000000000000000),
(451, 'Mr. Charles Homenick', 3, '2021-12-25 15:15:32', '2021-12-25 15:15:32', 1, 7, 1, 0, '898 Terence Ports\nForrestside, WI 14853-3025', NULL, NULL, NULL, NULL, NULL, NULL, '+13103780703', '2021-12-26', 'O\'Kon', 0, NULL, '17:49', 'client180408358', NULL, 32.4986130000000000000000000, -86.2641340000000000000000000),
(452, 'Friedrich Reilly', 6, '2021-12-25 15:15:32', '2021-12-25 15:15:32', 2, 5, 0, 1, '40546 Ward Square\nSavanahchester, ND 67877', NULL, NULL, NULL, NULL, NULL, NULL, '912.974.6336', '2021-12-26', 'Bosco', 0, NULL, '23:08', 'client829615574', NULL, 47.3302270000000000000000000, -106.9600680000000000000000000),
(453, 'Evalyn Bogisich III', 5, '2021-12-25 15:15:32', '2021-12-25 15:15:32', 2, 4, 1, 1, '95584 Baumbach Roads\nWest Haylie, NM 14426', NULL, NULL, NULL, NULL, NULL, NULL, '203-561-4567', '2021-12-28', 'Ruecker', 0, NULL, '16:59', 'client336512763', NULL, 59.9547030000000000000000000, -32.8866460000000000000000000),
(454, 'Zoey Blick', 3, '2021-12-25 15:15:32', '2021-12-25 15:15:32', 2, 5, 0, 0, '284 Keven Fields Suite 745\nZettaville, DE 77676-5370', NULL, NULL, NULL, NULL, NULL, NULL, '332.223.2207', '2021-12-28', 'Schulist', 0, NULL, '10:27', 'client387406116', NULL, -49.7025240000000000000000000, -37.8647420000000000000000000),
(455, 'Maribel Schamberger', 2, '2021-12-25 15:15:32', '2021-12-25 15:15:32', 1, 9, 1, 1, '7470 Walsh Expressway\nNew Buck, DE 28120', NULL, NULL, NULL, NULL, NULL, NULL, '1-941-719-6517', '2021-12-25', 'Heaney', 0, NULL, '15:34', 'client268990817', NULL, 4.2377820000000000000000000, 81.7238780000000000000000000),
(456, 'Mallie Cassin Jr.', 2, '2021-12-25 15:15:32', '2021-12-25 15:15:32', 2, 6, 1, 0, '347 Jeff Mission\nJeramieberg, AL 19896', NULL, NULL, NULL, NULL, NULL, NULL, '(283) 530-9791', '2021-12-28', 'Waters', 0, NULL, '23:00', 'client463859439', NULL, 59.9838020000000000000000000, -15.9472890000000000000000000),
(457, 'Jamarcus Koch', 1, '2021-12-25 15:15:32', '2021-12-25 15:15:32', 2, 5, 1, 0, '489 Predovic Haven\nNorth Osbaldo, MN 24266', NULL, NULL, NULL, NULL, NULL, NULL, '(863) 879-4730', '2021-12-25', 'Medhurst', 0, NULL, '10:22', 'client161647547', NULL, -89.6341490000000000000000000, -113.4072400000000000000000000),
(458, 'Roderick Smith III', 4, '2021-12-25 15:15:32', '2021-12-25 15:15:32', 2, 6, 1, 1, '182 Hassie Mews\nLake Lorenaborough, AL 69036', NULL, NULL, NULL, NULL, NULL, NULL, '(901) 903-2651', '2021-12-27', 'Torphy', 0, NULL, '07:47', 'client675473261', NULL, 82.4442190000000000000000000, -71.9230530000000000000000000),
(459, 'Prof. Nels Kilback DVM', 6, '2021-12-25 15:15:32', '2021-12-25 15:15:32', 2, 5, 0, 0, '454 Boyer Walk Apt. 024\nNicholasmouth, WY 23832', NULL, NULL, NULL, NULL, NULL, NULL, '812.807.4970', '2021-12-25', 'Reilly', 0, NULL, '09:23', 'client150428947', NULL, 22.0919720000000000000000000, -112.1807270000000000000000000),
(460, 'Malcolm O\'Keefe', 6, '2021-12-25 15:15:32', '2021-12-25 15:15:32', 1, 5, 1, 0, '7298 Ashlynn Ranch\nRauchester, OK 60817-9024', NULL, NULL, NULL, NULL, NULL, NULL, '(719) 756-3434', '2021-12-27', 'Wyman', 0, NULL, '08:03', 'client792856514', NULL, 35.5073570000000000000000000, -120.8495320000000000000000000),
(461, 'Della Jenkins DDS', 6, '2021-12-25 15:15:32', '2021-12-25 15:15:32', 2, 7, 1, 1, '71204 Henriette Loaf Suite 836\nWest Allie, IN 28942-3629', NULL, NULL, NULL, NULL, NULL, NULL, '786-517-0556', '2021-12-30', 'O\'Kon', 0, NULL, '21:43', 'client174737650', NULL, -0.7853530000000000000000000, -29.9730540000000000000000000),
(462, 'Miss Katheryn Boehm III', 1, '2021-12-25 15:15:32', '2021-12-25 15:15:32', 2, 7, 1, 1, '3243 Funk Freeway Apt. 109\nChristiansenberg, TX 78251', NULL, NULL, NULL, NULL, NULL, NULL, '+1-878-881-8701', '2021-12-27', 'Jacobs', 0, NULL, '12:32', 'client984352396', NULL, -16.5344100000000000000000000, 9.3907280000000000000000000),
(463, 'Destini D\'Amore', 2, '2021-12-25 15:15:32', '2021-12-25 15:15:32', 1, 5, 0, 1, '47346 Layne Glen\nLake Cleo, FL 87693', NULL, NULL, NULL, NULL, NULL, NULL, '(520) 263-7459', '2021-12-27', 'O\'Kon', 0, NULL, '08:20', 'client752026553', NULL, -45.4920970000000000000000000, -38.7558320000000000000000000),
(464, 'Hector Green', 2, '2021-12-25 15:15:32', '2021-12-25 15:15:32', 2, 8, 1, 1, '5430 Prosacco Roads Apt. 164\nAnkundingtown, VA 96335', NULL, NULL, NULL, NULL, NULL, NULL, '+15083821397', '2021-12-26', 'Fay', 0, NULL, '19:00', 'client373833950', NULL, -33.9977630000000000000000000, -78.6456470000000000000000000),
(465, 'Mrs. Eunice Oberbrunner', 2, '2021-12-25 15:15:32', '2021-12-25 15:15:32', 2, 8, 1, 0, '11922 Anika Mountains\nSouth Eusebioland, IL 81015-1081', NULL, NULL, NULL, NULL, NULL, NULL, '1-854-657-6992', '2021-12-30', 'Effertz', 0, NULL, '23:01', 'client973465856', NULL, -89.9047680000000000000000000, -80.0371710000000000000000000),
(466, 'Adeline Schulist', 5, '2021-12-25 15:15:32', '2021-12-25 15:15:32', 1, 9, 0, 1, '66459 Malcolm Isle Apt. 804\nCortezfurt, MD 43781-5822', NULL, NULL, NULL, NULL, NULL, NULL, '878.767.0067', '2021-12-29', 'Schuster', 0, NULL, '23:28', 'client294763576', NULL, -76.5256990000000000000000000, -111.2207230000000000000000000),
(467, 'Maci Brakus', 6, '2021-12-25 15:15:32', '2021-12-25 15:15:32', 1, 7, 1, 0, '9464 Thompson Divide\nPort Emmettfort, NV 01842', NULL, NULL, NULL, NULL, NULL, NULL, '440.874.2310', '2021-12-25', 'Kuphal', 0, NULL, '02:17', 'client720869549', NULL, 73.9004010000000000000000000, 102.5026080000000000000000000),
(468, 'Marisol Wolff', 2, '2021-12-25 15:15:32', '2021-12-25 15:15:32', 2, 9, 0, 0, '27415 Kuphal Mall Suite 310\nOberbrunnerfurt, DE 78172', NULL, NULL, NULL, NULL, NULL, NULL, '+1 (913) 938-0741', '2021-12-25', 'Mertz', 0, NULL, '23:04', 'client414678801', NULL, 40.8466820000000000000000000, 13.8908740000000000000000000),
(469, 'Anthony McGlynn', 3, '2021-12-25 15:15:32', '2021-12-25 15:15:32', 1, 7, 1, 1, '773 Simonis Ports\nEast Dinaland, WV 78511-9985', NULL, NULL, NULL, NULL, NULL, NULL, '413-558-1172', '2021-12-29', 'Gottlieb', 0, NULL, '12:01', 'client397118476', NULL, -56.2264330000000000000000000, 10.9125170000000000000000000),
(470, 'Evie Legros', 3, '2021-12-25 15:15:32', '2021-12-25 15:15:32', 2, 9, 1, 1, '162 Margarette Tunnel Suite 929\nAbelfurt, NJ 96969-9167', NULL, NULL, NULL, NULL, NULL, NULL, '+1 (669) 834-8744', '2021-12-27', 'Bode', 0, NULL, '12:11', 'client872461851', NULL, 81.3755720000000000000000000, -154.7385290000000000000000000),
(471, 'Miss Savanah Ritchie', 3, '2021-12-25 15:15:32', '2021-12-25 15:15:32', 1, 7, 0, 1, '46520 Towne Lights\nLake Ibrahimburgh, TX 77055', NULL, NULL, NULL, NULL, NULL, NULL, '779.487.6875', '2021-12-26', 'Reinger', 0, NULL, '02:51', 'client660297671', NULL, -42.1337570000000000000000000, -165.5928180000000000000000000),
(472, 'Miss Ellie Purdy PhD', 4, '2021-12-25 15:15:32', '2021-12-25 15:15:32', 1, 8, 1, 1, '58684 Shields Ridge Apt. 967\nNew Michelleville, GA 11519', NULL, NULL, NULL, NULL, NULL, NULL, '+1-906-750-3372', '2021-12-25', 'McClure', 0, NULL, '07:00', 'client510894868', NULL, -19.8536480000000000000000000, 133.5734380000000000000000000),
(473, 'Ms. Daisy Mohr III', 1, '2021-12-25 15:15:32', '2021-12-25 15:15:32', 1, 4, 0, 1, '82514 Orn Burgs Suite 960\nNew Alexandrine, IA 53412', NULL, NULL, NULL, NULL, NULL, NULL, '260.471.6464', '2021-12-30', 'Considine', 0, NULL, '12:42', 'client912403615', NULL, -21.7367210000000000000000000, 106.3689580000000000000000000),
(474, 'Rosella Boyle', 1, '2021-12-25 15:15:32', '2021-12-25 15:15:32', 2, 6, 1, 0, '90573 Hilbert Village Suite 103\nCummingsport, AR 27558', NULL, NULL, NULL, NULL, NULL, NULL, '+1-662-206-6915', '2021-12-30', 'Frami', 0, NULL, '05:05', 'client657080198', NULL, 10.1370130000000000000000000, 120.7158870000000000000000000),
(475, 'Mariah Tremblay', 3, '2021-12-25 15:15:32', '2021-12-25 15:15:32', 1, 6, 0, 1, '2228 Lexus Row\nEast Uriah, MA 33967-3305', NULL, NULL, NULL, NULL, NULL, NULL, '+1.872.642.4122', '2021-12-25', 'Cummings', 0, NULL, '21:52', 'client847955193', NULL, -12.0527450000000000000000000, 11.6756620000000000000000000),
(476, 'Yvonne Ebert PhD', 5, '2021-12-25 15:15:32', '2021-12-25 15:15:32', 1, 8, 1, 1, '147 Gutkowski Extensions\nWatsicafort, DC 60557', NULL, NULL, NULL, NULL, NULL, NULL, '240.556.9786', '2021-12-29', 'Frami', 0, NULL, '04:24', 'client919890428', NULL, 84.7122070000000000000000000, -61.7590210000000000000000000),
(477, 'Mrs. Jessica Sauer', 2, '2021-12-25 15:15:32', '2021-12-25 15:15:32', 2, 6, 0, 0, '6615 Cayla Rest\nAbshireland, WV 89496-4873', NULL, NULL, NULL, NULL, NULL, NULL, '+1-713-321-9848', '2021-12-29', 'Hintz', 0, NULL, '19:09', 'client726745592', NULL, -13.2660720000000000000000000, -86.2542470000000000000000000),
(478, 'Miss Rossie Zulauf', 6, '2021-12-25 15:15:32', '2021-12-25 15:15:32', 2, 9, 1, 0, '22933 Hickle Fields\nPort Marcelinafort, NY 07402-5382', NULL, NULL, NULL, NULL, NULL, NULL, '(240) 285-8429', '2021-12-29', 'Krajcik', 0, NULL, '02:20', 'client23002981', NULL, -36.9103480000000000000000000, -110.9333220000000000000000000),
(479, 'Ashleigh Yundt', 2, '2021-12-25 15:15:32', '2021-12-25 15:15:32', 2, 5, 1, 0, '49070 Katrina Burg Suite 300\nAndersontown, WY 77704-9470', NULL, NULL, NULL, NULL, NULL, NULL, '1-580-920-6663', '2021-12-25', 'Cummings', 0, NULL, '01:04', 'client112081495', NULL, 12.3447410000000000000000000, 25.3971950000000000000000000),
(480, 'Al Hand', 5, '2021-12-25 15:15:32', '2021-12-25 15:15:32', 1, 9, 0, 0, '6335 Damian Plaza\nKaleighbury, AR 70807', NULL, NULL, NULL, NULL, NULL, NULL, '906-293-6191', '2021-12-26', 'Hodkiewicz', 0, NULL, '13:54', 'client254516906', NULL, 13.8587700000000000000000000, 79.6202830000000000000000000),
(481, 'Dena Lindgren', 5, '2021-12-25 15:15:32', '2021-12-25 15:15:32', 1, 5, 0, 0, '12331 Hailey Forges Apt. 317\nEast Bobby, KY 90626-1505', NULL, NULL, NULL, NULL, NULL, NULL, '540-500-4188', '2021-12-26', 'Lockman', 0, NULL, '23:41', 'client55782509', NULL, -63.9957790000000000000000000, -157.8299170000000000000000000),
(482, 'Asia Dickinson I', 5, '2021-12-25 15:15:32', '2021-12-25 15:15:32', 2, 4, 0, 1, '5739 Judah Fort Apt. 435\nBlairhaven, AK 79915', NULL, NULL, NULL, NULL, NULL, NULL, '870.866.3014', '2021-12-30', 'Walker', 0, NULL, '04:07', 'client190107363', NULL, -49.3005600000000000000000000, -175.4180220000000000000000000),
(483, 'Dr. Eleazar Greenholt', 5, '2021-12-25 15:15:32', '2021-12-25 15:15:32', 1, 5, 1, 0, '764 Martina Spur\nBettieberg, WY 61426', NULL, NULL, NULL, NULL, NULL, NULL, '+1-320-305-0151', '2021-12-27', 'Wolf', 0, NULL, '17:51', 'client122628874', NULL, 45.0819010000000000000000000, -127.2651570000000000000000000),
(484, 'Dr. Rory Ullrich PhD', 7, '2021-12-25 15:15:32', '2021-12-25 15:15:32', 1, 7, 0, 1, '1955 Hane Fords Apt. 870\nSpencerport, OR 84254', NULL, NULL, NULL, NULL, NULL, NULL, '845.659.3478', '2021-12-27', 'Boyle', 0, NULL, '07:52', 'client832622676', NULL, -5.1927150000000000000000000, -151.8074500000000000000000000),
(485, 'Louie Hilpert', 5, '2021-12-25 15:15:32', '2021-12-25 15:15:32', 2, 5, 1, 1, '3706 Carolanne Prairie Apt. 731\nMossiehaven, NH 06519', NULL, NULL, NULL, NULL, NULL, NULL, '317.323.7959', '2021-12-25', 'Shields', 0, NULL, '12:22', 'client732779731', NULL, -13.6657530000000000000000000, -175.0642390000000000000000000),
(486, 'Imani Lynch', 7, '2021-12-25 15:15:32', '2021-12-25 15:15:32', 1, 4, 0, 1, '87859 Watsica Wells\nWisokyside, CT 54598', NULL, NULL, NULL, NULL, NULL, NULL, '+1 (804) 306-7627', '2021-12-26', 'Carter', 0, NULL, '03:54', 'client777084158', NULL, 81.5283660000000000000000000, 119.2468060000000000000000000),
(487, 'Jimmie Quitzon DVM', 4, '2021-12-25 15:15:32', '2021-12-25 15:15:32', 1, 5, 1, 1, '84280 Heathcote Port Suite 633\nMrazburgh, AL 39338', NULL, NULL, NULL, NULL, NULL, NULL, '1-629-402-6917', '2021-12-30', 'Lowe', 0, NULL, '20:10', 'client937508873', NULL, 18.3785060000000000000000000, 45.6960980000000000000000000),
(488, 'Lenna Streich', 4, '2021-12-25 15:15:32', '2021-12-25 15:15:32', 1, 4, 1, 0, '9403 Becker Views Suite 062\nSchadenfort, PA 88294', NULL, NULL, NULL, NULL, NULL, NULL, '+1-765-253-7263', '2021-12-25', 'Murazik', 0, NULL, '09:31', 'client383165312', NULL, 31.9509690000000000000000000, 19.1806230000000000000000000),
(489, 'Keon Mayer', 6, '2021-12-25 15:15:32', '2021-12-25 15:15:32', 2, 7, 0, 1, '68801 Jacobi Cove\nSouth Bernicemouth, KY 68032', NULL, NULL, NULL, NULL, NULL, NULL, '1-517-688-3197', '2021-12-25', 'Klein', 0, NULL, '16:26', 'client91431062', NULL, 80.9262930000000000000000000, -32.9082010000000000000000000),
(490, 'Maya Sipes V', 3, '2021-12-25 15:15:32', '2021-12-25 15:15:32', 1, 7, 1, 0, '68014 Kling Rapid\nBlickchester, VA 83589-4466', NULL, NULL, NULL, NULL, NULL, NULL, '559.540.8751', '2021-12-28', 'Moen', 0, NULL, '09:01', 'client63892572', NULL, 15.1656340000000000000000000, -178.0404060000000000000000000),
(491, 'Germaine Runolfsson', 7, '2021-12-25 15:15:32', '2021-12-25 15:15:32', 1, 4, 0, 0, '20952 Walsh Falls Apt. 180\nLorenzafort, DC 07060-9678', NULL, NULL, NULL, NULL, NULL, NULL, '+1 (713) 674-4195', '2021-12-29', 'Kihn', 0, NULL, '14:09', 'client425965009', NULL, 20.7640310000000000000000000, -130.6578900000000000000000000),
(492, 'Dr. Jermain Hansen II', 1, '2021-12-25 15:15:32', '2021-12-25 15:15:32', 2, 8, 0, 1, '3529 Mohr River Suite 456\nCliffordville, OK 00202', NULL, NULL, NULL, NULL, NULL, NULL, '+12103105202', '2021-12-28', 'Koch', 0, NULL, '04:08', 'client707712245', NULL, 45.2270160000000000000000000, 100.0312600000000000000000000),
(493, 'Roscoe Batz', 2, '2021-12-25 15:15:32', '2021-12-25 15:15:32', 1, 8, 0, 0, '5079 Efrain Estate\nLangworthview, CA 15287', NULL, NULL, NULL, NULL, NULL, NULL, '(530) 717-3039', '2021-12-27', 'Lemke', 0, NULL, '02:43', 'client713027057', NULL, 26.6963540000000000000000000, -99.8299620000000000000000000),
(494, 'Genoveva Ryan PhD', 5, '2021-12-25 15:15:32', '2021-12-25 15:15:32', 2, 4, 0, 0, '726 Schneider Garden\nOsinskibury, AK 82520-4093', NULL, NULL, NULL, NULL, NULL, NULL, '+1.985.567.0084', '2021-12-25', 'Champlin', 0, NULL, '18:57', 'client48205220', NULL, 69.7442120000000000000000000, 172.4838010000000000000000000),
(495, 'Kendrick Grimes I', 1, '2021-12-25 15:15:32', '2021-12-25 15:15:32', 1, 4, 0, 1, '3569 Quigley Shores Suite 444\nBeattyfort, NE 56574', NULL, NULL, NULL, NULL, NULL, NULL, '870.741.2674', '2021-12-26', 'Schroeder', 0, NULL, '21:58', 'client249442992', NULL, -83.1935040000000000000000000, 94.3008910000000000000000000),
(496, 'Erica Klocko', 1, '2021-12-25 15:15:32', '2021-12-25 15:15:32', 2, 9, 0, 1, '2576 Hartmann Estates\nNorth Celestineland, NC 77926-1308', NULL, NULL, NULL, NULL, NULL, NULL, '445.222.4635', '2021-12-26', 'Wisoky', 0, NULL, '08:19', 'client592973280', NULL, -13.8898420000000000000000000, -162.0995830000000000000000000),
(497, 'Mr. Darrel Considine Sr.', 5, '2021-12-25 15:15:32', '2021-12-25 15:15:32', 2, 8, 1, 0, '874 Heidenreich Route Suite 108\nGudrunberg, NM 11875-7957', NULL, NULL, NULL, NULL, NULL, NULL, '+1.517.728.2486', '2021-12-26', 'Stanton', 0, NULL, '10:06', 'client711519997', NULL, 80.2819910000000000000000000, -96.9410360000000000000000000),
(498, 'Mr. Raheem Skiles DVM', 7, '2021-12-25 15:15:32', '2021-12-25 15:15:32', 1, 4, 1, 1, '327 Hoeger Junctions\nNew Lonny, WI 18279-1972', NULL, NULL, NULL, NULL, NULL, NULL, '440.994.6845', '2021-12-28', 'Stoltenberg', 0, NULL, '10:32', 'client392330584', NULL, 24.6053850000000000000000000, 52.6799790000000000000000000),
(499, 'Kory Reinger', 4, '2021-12-25 15:15:32', '2021-12-25 15:15:32', 2, 5, 1, 0, '482 Grant Flats\nTavaresshire, NE 50330-1694', NULL, NULL, NULL, NULL, NULL, NULL, '251-390-9733', '2021-12-25', 'Fadel', 0, NULL, '12:47', 'client474108435', NULL, 88.2850540000000000000000000, 154.8993060000000000000000000),
(500, 'Kennedi Kuhic', 4, '2021-12-25 15:15:32', '2021-12-25 15:15:32', 1, 8, 1, 0, '583 Bradtke Viaduct\nLadariuston, ME 85921-9446', NULL, NULL, NULL, NULL, NULL, NULL, '+1.743.827.3932', '2021-12-26', 'Krajcik', 0, NULL, '04:34', 'client540221205', NULL, 62.2999690000000000000000000, 30.1601220000000000000000000),
(501, 'Prof. Dorothy Skiles', 6, '2021-12-25 15:15:32', '2021-12-25 15:15:32', 2, 6, 1, 1, '52452 Annabelle Islands Suite 797\nNorth Miketon, MT 63044', NULL, NULL, NULL, NULL, NULL, NULL, '(937) 934-3940', '2021-12-30', 'Kunze', 0, NULL, '10:04', 'client714361851', NULL, -88.2593390000000000000000000, 39.5678460000000000000000000),
(502, 'Ms. Chaya Klocko PhD', 7, '2021-12-25 15:15:32', '2021-12-25 15:15:32', 1, 8, 0, 0, '458 Legros Keys\nWest Zena, HI 71489-4757', NULL, NULL, NULL, NULL, NULL, NULL, '(475) 570-0138', '2021-12-30', 'Hodkiewicz', 0, NULL, '20:28', 'client531756712', NULL, -88.9887540000000000000000000, -146.4613140000000000000000000),
(503, 'Ayana Sawayn', 2, '2021-12-25 15:15:32', '2021-12-25 15:15:32', 2, 6, 0, 1, '28127 Dare Path\nDockburgh, AR 53092', NULL, NULL, NULL, NULL, NULL, NULL, '463-999-8682', '2021-12-26', 'Mayert', 0, NULL, '02:02', 'client61306014', NULL, -78.6709970000000000000000000, -116.3140870000000000000000000),
(504, 'Mr. Timmy Braun', 2, '2021-12-25 15:15:32', '2021-12-25 15:15:32', 1, 4, 0, 0, '38768 Schuster Mountain\nElnoraside, NM 22417-3330', NULL, NULL, NULL, NULL, NULL, NULL, '(503) 794-3291', '2021-12-26', 'Witting', 0, NULL, '02:51', 'client967288662', NULL, -18.6114090000000000000000000, -36.9805280000000000000000000),
(505, 'Miss Leta Rice', 6, '2021-12-25 15:15:32', '2021-12-25 15:15:32', 1, 4, 1, 0, '914 Helen Lock\nWest Marquise, IN 67797-7086', NULL, NULL, NULL, NULL, NULL, NULL, '+1-305-639-1655', '2021-12-25', 'Beatty', 0, NULL, '21:41', 'client796331210', NULL, 58.5926300000000000000000000, -133.9148590000000000000000000),
(506, 'Douglas Berge', 7, '2021-12-25 15:15:32', '2021-12-25 15:15:32', 2, 7, 1, 0, '330 Arvilla Crescent Apt. 724\nNew Torrey, MN 05794', NULL, NULL, NULL, NULL, NULL, NULL, '(575) 724-3437', '2021-12-26', 'Wyman', 0, NULL, '07:35', 'client371174350', NULL, 71.6343170000000000000000000, -2.3902420000000000000000000),
(507, 'Karen Bernhard', 6, '2021-12-25 15:15:32', '2021-12-25 15:15:32', 1, 7, 1, 1, '4737 Turcotte Ports Apt. 254\nWalkerhaven, LA 28362-2797', NULL, NULL, NULL, NULL, NULL, NULL, '(215) 584-8432', '2021-12-27', 'Swaniawski', 0, NULL, '22:08', 'client781852627', NULL, 52.1099840000000000000000000, -48.6970980000000000000000000),
(508, 'Gina Wilderman', 7, '2021-12-25 15:15:32', '2021-12-25 15:15:32', 1, 7, 0, 0, '25867 Destany Curve Apt. 971\nBergnaumbury, SD 36242-4092', NULL, NULL, NULL, NULL, NULL, NULL, '1-530-906-3020', '2021-12-30', 'Koch', 0, NULL, '07:32', 'client35181778', NULL, 24.5481060000000000000000000, 13.1521830000000000000000000),
(509, 'Cordell Jaskolski', 2, '2021-12-25 15:15:32', '2021-12-25 15:15:32', 1, 6, 1, 0, '4565 Kautzer Via Suite 347\nNorth Kayden, IL 56962-4440', NULL, NULL, NULL, NULL, NULL, NULL, '+1-815-493-7077', '2021-12-29', 'Greenfelder', 0, NULL, '16:46', 'client602769040', NULL, -59.7005670000000000000000000, 16.5289120000000000000000000),
(510, 'Leonie Daugherty', 4, '2021-12-25 15:15:32', '2021-12-25 15:15:32', 1, 7, 1, 1, '42344 Gleichner Lodge\nWest Wendyfort, SC 22404', NULL, NULL, NULL, NULL, NULL, NULL, '(215) 345-3010', '2021-12-27', 'Schneider', 0, NULL, '13:58', 'client275894080', NULL, -60.3543770000000000000000000, -174.3671120000000000000000000),
(511, 'Mrs. Josefina Hettinger III', 4, '2021-12-25 15:15:32', '2021-12-25 15:15:32', 1, 7, 0, 0, '9425 Werner Gateway Apt. 283\nNew Craigburgh, LA 76571-3636', NULL, NULL, NULL, NULL, NULL, NULL, '+1 (385) 720-0198', '2021-12-27', 'Armstrong', 0, NULL, '09:10', 'client390448112', NULL, 26.1138770000000000000000000, 60.6900890000000000000000000),
(512, 'Florida Welch', 7, '2021-12-25 15:15:32', '2021-12-25 15:15:32', 2, 7, 1, 1, '634 Ola Groves\nClintonberg, OK 56900', NULL, NULL, NULL, NULL, NULL, NULL, '(469) 462-6882', '2021-12-30', 'Gusikowski', 0, NULL, '21:30', 'client480191081', NULL, -60.2112540000000000000000000, -29.7377570000000000000000000),
(513, 'Mr. Clinton Herzog', 3, '2021-12-25 15:15:32', '2021-12-25 15:15:32', 1, 7, 0, 0, '2612 Allison Extension Apt. 964\nLake Noetown, DC 34824', NULL, NULL, NULL, NULL, NULL, NULL, '+19039124172', '2021-12-25', 'Herman', 0, NULL, '13:48', 'client912171879', NULL, -1.5659520000000000000000000, 85.7796980000000000000000000),
(514, 'Keven Bayer', 5, '2021-12-25 15:15:32', '2021-12-25 15:15:32', 2, 9, 1, 1, '28699 Jerod Meadows Suite 449\nSporerstad, HI 76456-4445', NULL, NULL, NULL, NULL, NULL, NULL, '484.362.6303', '2021-12-26', 'Lindgren', 0, NULL, '11:18', 'client62387129', NULL, -76.8374370000000000000000000, 43.4127400000000000000000000),
(515, 'Dr. Karson Labadie', 2, '2021-12-25 15:15:32', '2021-12-25 15:15:32', 1, 7, 0, 1, '32678 Raquel Fork Apt. 085\nWest Chrisside, ME 48723', NULL, NULL, NULL, NULL, NULL, NULL, '+1.252.418.6148', '2021-12-28', 'Romaguera', 0, NULL, '23:59', 'client900923905', NULL, 20.5268540000000000000000000, 101.7710300000000000000000000),
(516, 'Miss Tressa Kuhlman II', 2, '2021-12-25 15:15:32', '2021-12-25 15:15:32', 1, 4, 1, 1, '9806 Al Island Suite 842\nSouth Karianne, MD 19134', NULL, NULL, NULL, NULL, NULL, NULL, '551-482-3731', '2021-12-27', 'Crist', 0, NULL, '09:42', 'client995993187', NULL, -81.9932240000000000000000000, 29.1902560000000000000000000),
(517, 'Veronica Smith', 5, '2021-12-25 15:15:32', '2021-12-25 15:15:32', 2, 6, 1, 1, '25765 Nathanial Trafficway\nHirtheland, NM 79656', NULL, NULL, NULL, NULL, NULL, NULL, '+1-205-651-0677', '2021-12-27', 'Langworth', 0, NULL, '20:45', 'client798969770', NULL, 2.2675490000000000000000000, 107.0872190000000000000000000),
(518, 'Deonte Ziemann', 2, '2021-12-25 15:15:32', '2021-12-25 15:15:32', 1, 4, 1, 1, '82006 Haag Prairie\nPort Glen, MN 90024', NULL, NULL, NULL, NULL, NULL, NULL, '(505) 813-2227', '2021-12-26', 'Cummings', 0, NULL, '00:32', 'client432834806', NULL, -64.6784320000000000000000000, 34.2176330000000000000000000),
(519, 'Antonia Walker', 4, '2021-12-25 15:15:32', '2021-12-25 15:15:32', 2, 9, 1, 0, '67980 Caleb Street Apt. 513\nAlexaneburgh, RI 30967-0843', NULL, NULL, NULL, NULL, NULL, NULL, '+1.480.578.4794', '2021-12-27', 'Larkin', 0, NULL, '13:43', 'client819719440', NULL, -76.2540710000000000000000000, -78.8393450000000000000000000),
(520, 'Halle Feil MD', 1, '2021-12-25 15:15:32', '2021-12-25 15:15:32', 1, 5, 0, 1, '65496 Jerde Springs\nLangmouth, AK 72125', NULL, NULL, NULL, NULL, NULL, NULL, '754.689.2350', '2021-12-27', 'Schuppe', 0, NULL, '22:08', 'client535406611', NULL, -70.4625320000000000000000000, 116.1452880000000000000000000),
(521, 'Ocie Kirlin', 1, '2021-12-25 15:15:32', '2021-12-25 15:15:32', 2, 6, 0, 0, '470 Keegan Club Apt. 430\nSouth Abigale, CA 85812', NULL, NULL, NULL, NULL, NULL, NULL, '540.720.6900', '2021-12-25', 'Goodwin', 0, NULL, '02:45', 'client430298629', NULL, 85.3825620000000000000000000, -19.0892320000000000000000000),
(522, 'Dr. Sterling Fritsch MD', 3, '2021-12-25 15:15:32', '2021-12-25 15:15:32', 1, 7, 0, 1, '87511 Everardo Shores\nEast Dessieville, OH 71418', NULL, NULL, NULL, NULL, NULL, NULL, '+1 (262) 393-0859', '2021-12-27', 'Stroman', 0, NULL, '06:25', 'client922805699', NULL, 31.6784230000000000000000000, -157.1743570000000000000000000),
(523, 'Kathleen Koepp', 4, '2021-12-25 15:15:32', '2021-12-25 15:15:32', 2, 6, 0, 0, '1470 Rigoberto Inlet\nSouth Malachiberg, VA 53123-3616', NULL, NULL, NULL, NULL, NULL, NULL, '+1 (860) 595-8118', '2021-12-29', 'Veum', 0, NULL, '16:35', 'client413025328', NULL, 83.4727800000000000000000000, 18.8232920000000000000000000),
(524, 'Prof. Keagan Bosco DVM', 3, '2021-12-25 15:15:32', '2021-12-25 15:15:32', 2, 6, 1, 1, '4255 Melissa Port\nEast Ceceliaborough, CO 95206-1161', NULL, NULL, NULL, NULL, NULL, NULL, '+1-463-594-1535', '2021-12-28', 'O\'Connell', 0, NULL, '09:41', 'client602430911', NULL, 52.0639180000000000000000000, -174.2380650000000000000000000),
(525, 'Mr. Marc Farrell III', 3, '2021-12-25 15:15:32', '2021-12-25 15:15:32', 1, 5, 0, 1, '680 Ernser Ford\nNew Saulside, MI 97576', NULL, NULL, NULL, NULL, NULL, NULL, '818.697.0737', '2021-12-25', 'Maggio', 0, NULL, '21:36', 'client623553182', NULL, -44.4004910000000000000000000, -8.2895300000000000000000000),
(526, 'Tyler Zboncak', 1, '2021-12-25 15:15:32', '2021-12-25 15:15:32', 2, 7, 0, 0, '86980 DuBuque Rest\nLegroston, UT 79342', NULL, NULL, NULL, NULL, NULL, NULL, '+1 (317) 590-9125', '2021-12-28', 'Hackett', 0, NULL, '13:08', 'client136358308', NULL, 80.5694040000000000000000000, 24.2753990000000000000000000),
(527, 'Clinton Wuckert', 1, '2021-12-25 15:15:32', '2021-12-25 15:15:32', 2, 8, 1, 0, '1008 Aliza Trail Apt. 463\nNew Tiannaborough, NV 24554', NULL, NULL, NULL, NULL, NULL, NULL, '+1-518-502-4390', '2021-12-26', 'Harvey', 0, NULL, '12:32', 'client294923649', NULL, 63.5609120000000000000000000, 137.9962450000000000000000000),
(528, 'Jerome Bayer', 2, '2021-12-25 15:15:32', '2021-12-25 15:15:32', 2, 7, 1, 1, '45187 Abshire Courts Apt. 040\nCecilburgh, MT 92897-2838', NULL, NULL, NULL, NULL, NULL, NULL, '+1 (678) 420-6711', '2021-12-25', 'Olson', 0, NULL, '17:28', 'client870686234', NULL, -58.9652750000000000000000000, -150.4495870000000000000000000),
(529, 'Sincere Bayer Sr.', 2, '2021-12-25 15:15:32', '2021-12-25 15:15:32', 1, 8, 0, 1, '71071 Vance Wells\nMurielberg, LA 78757-4452', NULL, NULL, NULL, NULL, NULL, NULL, '+18322615234', '2021-12-30', 'Beatty', 0, NULL, '22:14', 'client495673562', NULL, 74.2575820000000000000000000, 30.2057180000000000000000000),
(530, 'Dr. Thora Okuneva MD', 3, '2021-12-25 15:15:32', '2021-12-25 15:15:32', 1, 9, 1, 0, '315 Madison Station\nVirginiehaven, ID 21849-1310', NULL, NULL, NULL, NULL, NULL, NULL, '661.840.3148', '2021-12-29', 'Hickle', 0, NULL, '18:43', 'client850366923', NULL, -11.8168830000000000000000000, -115.9436130000000000000000000),
(531, 'Mr. Demetrius Will DVM', 6, '2021-12-25 15:15:32', '2021-12-25 15:15:32', 2, 9, 1, 1, '6630 Price Lane Suite 684\nWest Daisyside, OK 75151', NULL, NULL, NULL, NULL, NULL, NULL, '+1-984-349-8079', '2021-12-30', 'Torphy', 0, NULL, '11:07', 'client69421377', NULL, 87.1947280000000000000000000, -154.9656810000000000000000000),
(532, 'Watson Homenick', 7, '2021-12-25 15:15:32', '2021-12-25 15:15:32', 2, 6, 0, 0, '264 Hillary Manors Suite 872\nKozeyside, AK 94460', NULL, NULL, NULL, NULL, NULL, NULL, '661-248-2758', '2021-12-29', 'Mertz', 0, NULL, '14:14', 'client574645660', NULL, -20.4043380000000000000000000, 110.7589540000000000000000000),
(533, 'Ed Gislason', 5, '2021-12-25 15:15:32', '2021-12-25 15:15:32', 2, 6, 0, 0, '1512 Mitchel Walk Apt. 493\nStoltenbergfort, WA 29608-9259', NULL, NULL, NULL, NULL, NULL, NULL, '+14585541761', '2021-12-25', 'Roob', 0, NULL, '11:13', 'client687692113', NULL, -83.7877410000000000000000000, -143.6723270000000000000000000),
(534, 'Joshuah Walker I', 6, '2021-12-25 15:15:32', '2021-12-25 15:15:32', 2, 6, 1, 0, '442 Claudia Brook\nCamillaview, MO 16431', NULL, NULL, NULL, NULL, NULL, NULL, '(828) 835-2970', '2021-12-25', 'Jenkins', 0, NULL, '21:45', 'client23986732', NULL, 16.3785390000000000000000000, -120.5333460000000000000000000),
(535, 'Duane Lueilwitz', 3, '2021-12-25 15:15:32', '2021-12-25 15:15:32', 2, 7, 1, 1, '4787 Ebert Way Suite 612\nMadelineland, NY 13306-2200', NULL, NULL, NULL, NULL, NULL, NULL, '+1-806-528-9917', '2021-12-27', 'Murray', 0, NULL, '06:55', 'client163201885', NULL, 78.9613900000000000000000000, 90.3598040000000000000000000),
(536, 'Prof. Katlyn Hand DVM', 2, '2021-12-25 15:15:32', '2021-12-25 15:15:32', 1, 9, 0, 0, '42583 Bartell Ferry Apt. 582\nFadelmouth, OH 37657-2264', NULL, NULL, NULL, NULL, NULL, NULL, '+1 (848) 238-1947', '2021-12-26', 'Nader', 0, NULL, '20:33', 'client550139821', NULL, 76.1988430000000000000000000, -84.1572550000000000000000000),
(537, 'Elena Moen', 6, '2021-12-25 15:15:32', '2021-12-25 15:15:32', 1, 7, 0, 1, '574 Dallin Prairie Apt. 620\nLorenaberg, KY 21398-5263', NULL, NULL, NULL, NULL, NULL, NULL, '(325) 742-6821', '2021-12-29', 'Schmidt', 0, NULL, '16:38', 'client636061737', NULL, 59.4740650000000000000000000, -145.8103520000000000000000000),
(538, 'Neoma Zboncak II', 5, '2021-12-25 15:15:32', '2021-12-25 15:15:32', 1, 8, 1, 0, '2762 Labadie Trafficway Apt. 999\nNew Bessiebury, MS 36816-0013', NULL, NULL, NULL, NULL, NULL, NULL, '435-954-4847', '2021-12-29', 'Runolfsson', 0, NULL, '08:24', 'client406425776', NULL, -78.0566350000000000000000000, -28.1306940000000000000000000),
(539, 'Edmund Dibbert II', 1, '2021-12-25 15:15:32', '2021-12-25 15:15:32', 1, 4, 0, 1, '9180 Tavares Skyway\nKozeyview, TN 71724', NULL, NULL, NULL, NULL, NULL, NULL, '(423) 444-5547', '2021-12-28', 'Carter', 0, NULL, '03:24', 'client542150583', NULL, 82.0174090000000000000000000, 19.1298890000000000000000000),
(540, 'Christina Kautzer III', 3, '2021-12-25 15:15:32', '2021-12-25 15:15:32', 1, 9, 0, 1, '631 Kilback Manor\nBahringerside, LA 21791-4518', NULL, NULL, NULL, NULL, NULL, NULL, '980.358.1441', '2021-12-25', 'Lueilwitz', 0, NULL, '19:59', 'client557290366', NULL, 84.1991480000000000000000000, -16.7382120000000000000000000),
(541, 'Abner Franecki', 5, '2021-12-25 15:15:32', '2021-12-25 15:15:32', 2, 7, 0, 1, '50246 Ricky Locks\nPort Ernestinestad, ME 36443-5834', NULL, NULL, NULL, NULL, NULL, NULL, '+1.754.964.5123', '2021-12-28', 'Schinner', 0, NULL, '19:49', 'client819810318', NULL, 28.4220620000000000000000000, 28.8021190000000000000000000),
(542, 'Ms. Candida Hintz DVM', 7, '2021-12-25 15:15:32', '2021-12-25 15:15:32', 2, 9, 1, 0, '309 Paucek Canyon\nHeavenside, TN 88693', NULL, NULL, NULL, NULL, NULL, NULL, '1-907-858-1821', '2021-12-26', 'Runolfsdottir', 0, NULL, '09:29', 'client285939595', NULL, 47.2144880000000000000000000, -14.1801430000000000000000000),
(543, 'Ethan Morar', 1, '2021-12-25 15:15:32', '2021-12-25 15:15:32', 1, 4, 0, 1, '80813 Maggio Freeway Apt. 363\nPort Emmitt, WA 22923-9198', NULL, NULL, NULL, NULL, NULL, NULL, '1-805-423-4297', '2021-12-28', 'Denesik', 0, NULL, '07:28', 'client726087464', NULL, -47.2120230000000000000000000, -0.2720040000000000000000000),
(544, 'Taryn McClure', 3, '2021-12-25 15:15:32', '2021-12-25 15:15:32', 1, 7, 1, 0, '637 Lauryn Mountain\nElodyshire, NC 52914-2957', NULL, NULL, NULL, NULL, NULL, NULL, '1-980-337-0544', '2021-12-28', 'O\'Reilly', 0, NULL, '00:25', 'client669051539', NULL, -44.1641540000000000000000000, -31.3070680000000000000000000),
(545, 'Prof. Caitlyn Blanda PhD', 2, '2021-12-25 15:15:32', '2021-12-25 15:15:32', 2, 8, 1, 1, '868 Price Ports Suite 324\nRickfurt, NV 82300', NULL, NULL, NULL, NULL, NULL, NULL, '224.513.2177', '2021-12-28', 'Gorczany', 0, NULL, '12:32', 'client879691766', NULL, -73.8926640000000000000000000, -32.2621950000000000000000000),
(546, 'Jena O\'Connell', 2, '2021-12-25 15:15:32', '2021-12-25 15:15:32', 1, 8, 1, 0, '89844 Wisozk Turnpike Suite 787\nNolanmouth, CA 67962', NULL, NULL, NULL, NULL, NULL, NULL, '(346) 235-7717', '2021-12-29', 'Strosin', 0, NULL, '14:22', 'client824340382', NULL, -14.8504100000000000000000000, 57.1524740000000000000000000),
(547, 'Name Braun', 6, '2021-12-25 15:15:32', '2021-12-25 15:15:32', 1, 9, 0, 0, '826 Wilkinson Fall\nWest Assuntaview, ME 32513-3373', NULL, NULL, NULL, NULL, NULL, NULL, '+1 (564) 393-8587', '2021-12-29', 'Gutkowski', 0, NULL, '05:57', 'client696019233', NULL, -1.6245820000000000000000000, -31.7163300000000000000000000),
(548, 'Luz Kassulke', 4, '2021-12-25 15:15:32', '2021-12-25 15:15:32', 1, 6, 0, 0, '67885 Schaden Center\nEast Cesarland, VA 47919-6532', NULL, NULL, NULL, NULL, NULL, NULL, '(409) 259-5115', '2021-12-26', 'Emmerich', 0, NULL, '15:50', 'client760008519', NULL, 87.3938940000000000000000000, -17.3938830000000000000000000),
(549, 'Prof. Burley Goodwin IV', 5, '2021-12-25 15:15:32', '2021-12-25 15:15:32', 1, 5, 0, 0, '6339 Ward Glen Suite 695\nJacobsland, HI 87332-6369', NULL, NULL, NULL, NULL, NULL, NULL, '(845) 829-2673', '2021-12-28', 'Hegmann', 0, NULL, '05:42', 'client967587432', NULL, 9.9350830000000000000000000, 70.5567170000000000000000000),
(550, 'Carolanne Walsh', 5, '2021-12-25 15:15:32', '2021-12-25 15:15:32', 2, 4, 1, 1, '581 Yost Locks\nLindseyshire, MA 82473', NULL, NULL, NULL, NULL, NULL, NULL, '+18787520522', '2021-12-29', 'Miller', 0, NULL, '15:43', 'client427666787', NULL, 47.8012520000000000000000000, 44.7810310000000000000000000),
(551, 'June Russel', 5, '2021-12-25 15:15:32', '2021-12-25 15:15:32', 2, 4, 1, 1, '1065 Kris Station\nNorth Bridgette, NV 63647', NULL, NULL, NULL, NULL, NULL, NULL, '1-513-708-3198', '2021-12-29', 'Koch', 0, NULL, '00:53', 'client192969405', NULL, 2.3614130000000000000000000, 75.5124760000000000000000000),
(552, 'Shannon Ward', 4, '2021-12-25 15:15:32', '2021-12-25 15:15:32', 2, 8, 0, 1, '7083 Hane Gardens Suite 031\nGradybury, AZ 01744-4120', NULL, NULL, NULL, NULL, NULL, NULL, '+1.949.813.1649', '2021-12-30', 'Crona', 0, NULL, '20:52', 'client411567165', NULL, -58.4114800000000000000000000, -134.8203350000000000000000000),
(553, 'D\'angelo Koss', 3, '2021-12-25 15:15:32', '2021-12-25 15:15:32', 2, 9, 0, 1, '134 Gibson Station\nLincolnton, MI 59472-6342', NULL, NULL, NULL, NULL, NULL, NULL, '703.455.8713', '2021-12-30', 'Ferry', 0, NULL, '21:00', 'client983055422', NULL, -71.6686770000000000000000000, -125.2944490000000000000000000),
(554, 'Dr. Celia Wisoky', 7, '2021-12-25 15:15:32', '2021-12-25 15:15:32', 1, 5, 0, 1, '294 Abernathy Gateway\nHartmannfurt, AZ 64891', NULL, NULL, NULL, NULL, NULL, NULL, '1-361-465-3241', '2021-12-26', 'Hamill', 0, NULL, '23:17', 'client821347874', NULL, 40.4005270000000000000000000, 133.8025740000000000000000000),
(555, 'Toni Kassulke', 6, '2021-12-25 15:15:32', '2021-12-25 15:15:32', 1, 7, 0, 0, '45021 Thad Prairie\nZelmachester, VA 97730-4821', NULL, NULL, NULL, NULL, NULL, NULL, '1-385-261-4830', '2021-12-28', 'Schulist', 0, NULL, '23:55', 'client660040707', NULL, 66.8299130000000000000000000, 152.3916630000000000000000000),
(556, 'Charity Bashirian', 3, '2021-12-25 15:15:32', '2021-12-25 15:15:32', 2, 8, 0, 0, '82501 Cruz Islands\nNew Terrencefurt, ID 83723-6221', NULL, NULL, NULL, NULL, NULL, NULL, '276-631-1078', '2021-12-25', 'Cartwright', 0, NULL, '08:45', 'client952046974', NULL, 52.1924330000000000000000000, -123.8132480000000000000000000),
(557, 'Mrs. Melyna Wintheiser', 7, '2021-12-25 15:15:32', '2021-12-25 15:15:32', 1, 5, 1, 1, '48952 Savanna Corners\nNew Johannastad, MO 25168-9484', NULL, NULL, NULL, NULL, NULL, NULL, '432.249.7256', '2021-12-27', 'Watsica', 0, NULL, '18:50', 'client218651156', NULL, -54.4807440000000000000000000, 97.0288500000000000000000000),
(558, 'Mrs. Candice Fritsch V', 3, '2021-12-25 15:15:32', '2021-12-25 15:15:32', 1, 8, 1, 1, '9357 Eliezer Inlet\nMcGlynnhaven, OK 17497', NULL, NULL, NULL, NULL, NULL, NULL, '+1-248-409-6663', '2021-12-25', 'Hoppe', 0, NULL, '04:54', 'client892917693', NULL, -16.3714500000000000000000000, 45.3957740000000000000000000),
(559, 'Fermin Lubowitz', 7, '2021-12-25 15:15:32', '2021-12-25 15:15:32', 1, 5, 0, 1, '257 Caroline Land\nPort Ethyl, FL 93651-4582', NULL, NULL, NULL, NULL, NULL, NULL, '(520) 790-5061', '2021-12-30', 'Johnston', 0, NULL, '00:38', 'client643388569', NULL, 49.2220790000000000000000000, -56.5714950000000000000000000),
(560, 'Nettie Sauer', 3, '2021-12-25 15:15:32', '2021-12-25 15:15:32', 2, 4, 1, 1, '9862 Kohler Mill Apt. 604\nDelphiafort, NV 41398', NULL, NULL, NULL, NULL, NULL, NULL, '541-206-5093', '2021-12-28', 'Heller', 0, NULL, '02:11', 'client745080975', NULL, -16.2033250000000000000000000, 53.2971480000000000000000000),
(561, 'Dr. Henderson Blanda', 7, '2021-12-25 15:15:32', '2021-12-25 15:15:32', 1, 6, 0, 0, '68469 Daniel Grove Apt. 665\nNew Marian, OK 72521', NULL, NULL, NULL, NULL, NULL, NULL, '580-274-4085', '2021-12-30', 'Wolf', 0, NULL, '16:09', 'client95315387', NULL, -1.7282540000000000000000000, 101.0357060000000000000000000),
(562, 'Kenya Schuppe', 3, '2021-12-25 15:15:32', '2021-12-25 15:15:32', 2, 4, 0, 1, '1856 Anthony Spring Apt. 319\nLake Ova, ND 02826-3457', NULL, NULL, NULL, NULL, NULL, NULL, '559.341.1217', '2021-12-27', 'Torphy', 0, NULL, '18:51', 'client217148395', NULL, 63.6559900000000000000000000, -154.8237490000000000000000000),
(563, 'Freda Rippin V', 7, '2021-12-25 15:15:32', '2021-12-25 15:15:32', 1, 4, 1, 0, '9924 Armstrong Park Suite 904\nKingberg, AR 31397-5161', NULL, NULL, NULL, NULL, NULL, NULL, '+17855492850', '2021-12-25', 'Denesik', 0, NULL, '02:29', 'client860270245', NULL, -3.2412680000000000000000000, -54.8849420000000000000000000),
(564, 'Henriette Sauer DDS', 1, '2021-12-25 15:15:32', '2021-12-25 15:15:32', 2, 8, 0, 1, '9582 Luz Garden\nBogisichshire, FL 92555', NULL, NULL, NULL, NULL, NULL, NULL, '(618) 242-4443', '2021-12-26', 'Friesen', 0, NULL, '01:36', 'client333442451', NULL, 3.1090310000000000000000000, 125.0758250000000000000000000),
(565, 'Jameson Zemlak', 7, '2021-12-25 15:15:32', '2021-12-25 15:15:32', 1, 5, 1, 0, '76106 Feil Overpass Suite 889\nLefflerview, CT 58070', NULL, NULL, NULL, NULL, NULL, NULL, '820-379-5838', '2021-12-30', 'Boehm', 0, NULL, '14:03', 'client252705138', NULL, 2.3321340000000000000000000, 123.0462300000000000000000000),
(566, 'Marta Rogahn', 6, '2021-12-25 15:15:32', '2021-12-25 15:15:32', 1, 5, 1, 1, '28062 Rocio Ranch\nPrudencemouth, ND 65506-4694', NULL, NULL, NULL, NULL, NULL, NULL, '870.593.2229', '2021-12-29', 'Feil', 0, NULL, '13:58', 'client151323968', NULL, 20.7782670000000000000000000, 147.3856850000000000000000000),
(567, 'Yoshiko Flatley V', 5, '2021-12-25 15:15:32', '2021-12-25 15:15:32', 2, 6, 0, 1, '34937 Dooley Cape\nKeeblerland, MO 87251', NULL, NULL, NULL, NULL, NULL, NULL, '631.927.9533', '2021-12-30', 'Ferry', 0, NULL, '03:19', 'client88749500', NULL, 84.3032060000000000000000000, -170.6744530000000000000000000),
(568, 'Alexandria Schuster', 1, '2021-12-25 15:15:32', '2021-12-25 15:15:32', 2, 6, 0, 0, '10267 Walsh Walks\nWest Emersontown, NC 77592', NULL, NULL, NULL, NULL, NULL, NULL, '+1-952-353-9378', '2021-12-30', 'Murazik', 0, NULL, '04:23', 'client122252476', NULL, -19.4739290000000000000000000, 108.4786140000000000000000000),
(569, 'Marion Hudson', 5, '2021-12-25 15:15:32', '2021-12-25 15:15:32', 2, 4, 1, 0, '337 Kunze Vista Suite 145\nMonroestad, TX 64987', NULL, NULL, NULL, NULL, NULL, NULL, '573-917-9754', '2021-12-29', 'Pfannerstill', 0, NULL, '02:47', 'client392903361', NULL, -22.5628550000000000000000000, -148.2824460000000000000000000),
(570, 'Dr. Gerald Donnelly', 4, '2021-12-25 15:15:32', '2021-12-25 15:15:32', 1, 5, 1, 0, '47634 Vidal Cliffs\nKihnport, CA 00604-2658', NULL, NULL, NULL, NULL, NULL, NULL, '(386) 414-1675', '2021-12-27', 'Baumbach', 0, NULL, '18:48', 'client159621720', NULL, 74.7855140000000000000000000, -122.3342480000000000000000000),
(571, 'Mr. Lesley Hoeger', 2, '2021-12-25 15:15:32', '2021-12-25 15:15:32', 2, 5, 1, 1, '251 Bechtelar Mountains Apt. 306\nMcCulloughtown, VT 98552-2708', NULL, NULL, NULL, NULL, NULL, NULL, '850.232.8331', '2021-12-27', 'Morar', 0, NULL, '21:00', 'client62313900', NULL, -89.3539310000000000000000000, -109.9242270000000000000000000),
(572, 'Luther Ernser', 5, '2021-12-25 15:15:32', '2021-12-25 15:15:32', 1, 6, 1, 1, '51837 Collier Freeway\nKameronberg, CT 81553', NULL, NULL, NULL, NULL, NULL, NULL, '361-968-0119', '2021-12-28', 'Lang', 0, NULL, '05:46', 'client452810586', NULL, -42.5257900000000000000000000, -117.5510220000000000000000000),
(573, 'Colton Wisoky', 5, '2021-12-25 15:15:32', '2021-12-25 15:15:32', 2, 7, 1, 0, '2670 Saige Overpass\nPort Anabelside, IA 41617-1528', NULL, NULL, NULL, NULL, NULL, NULL, '+1 (818) 425-7392', '2021-12-27', 'Orn', 0, NULL, '14:19', 'client755813781', NULL, -87.4605130000000000000000000, 44.3622240000000000000000000),
(574, 'Mr. Lukas Beier Sr.', 7, '2021-12-25 15:15:32', '2021-12-25 15:15:32', 2, 8, 0, 1, '784 Blaise Well Apt. 890\nMitchellville, WY 35962', NULL, NULL, NULL, NULL, NULL, NULL, '1-680-668-1898', '2021-12-30', 'Gutkowski', 0, NULL, '18:35', 'client869372396', NULL, 3.9259890000000000000000000, 96.7207700000000000000000000),
(575, 'Zelda Bechtelar', 3, '2021-12-25 15:15:32', '2021-12-25 15:15:32', 2, 5, 1, 1, '2909 Mohr Square Suite 971\nTabithashire, NC 08376-2562', NULL, NULL, NULL, NULL, NULL, NULL, '(651) 608-2524', '2021-12-27', 'Flatley', 0, NULL, '16:42', 'client122047146', NULL, 52.6150150000000000000000000, 142.2190940000000000000000000),
(576, 'Dulce Wisozk', 2, '2021-12-25 15:15:32', '2021-12-25 15:15:32', 1, 4, 1, 0, '3011 Khalid Passage Apt. 606\nNew Kiera, ND 97063-7364', NULL, NULL, NULL, NULL, NULL, NULL, '+1-850-432-4828', '2021-12-25', 'Parker', 0, NULL, '14:19', 'client141999799', NULL, 34.1481380000000000000000000, -156.9770040000000000000000000),
(577, 'Celine Hagenes', 3, '2021-12-25 15:15:32', '2021-12-25 15:15:32', 1, 4, 0, 0, '27957 Schmitt Orchard\nNew Olinbury, TN 29993-9842', NULL, NULL, NULL, NULL, NULL, NULL, '+1 (520) 847-3286', '2021-12-28', 'Mueller', 0, NULL, '16:57', 'client462693752', NULL, -8.8953470000000000000000000, 108.9232880000000000000000000),
(578, 'Camilla McCullough', 3, '2021-12-25 15:15:32', '2021-12-25 15:15:32', 1, 5, 1, 0, '26548 Stanton Walk Apt. 645\nNew Ramonachester, KY 56949', NULL, NULL, NULL, NULL, NULL, NULL, '(248) 322-8432', '2021-12-26', 'Wiza', 0, NULL, '16:54', 'client628524540', NULL, -82.4729050000000000000000000, -8.2462720000000000000000000),
(579, 'Emmanuelle Blick', 7, '2021-12-25 15:15:32', '2021-12-25 15:15:32', 2, 5, 1, 0, '810 Zetta Parkways Suite 700\nKohlerburgh, VT 91604', NULL, NULL, NULL, NULL, NULL, NULL, '872.689.3164', '2021-12-30', 'Gorczany', 0, NULL, '00:22', 'client407838504', NULL, -55.0225240000000000000000000, -64.3065680000000000000000000),
(580, 'Eden Feil III', 4, '2021-12-25 15:15:32', '2021-12-25 15:15:32', 2, 4, 1, 1, '424 Jayce Rue Apt. 517\nLake Guy, WV 02265', NULL, NULL, NULL, NULL, NULL, NULL, '1-979-421-4735', '2021-12-26', 'Windler', 0, NULL, '17:12', 'client494947697', NULL, -34.0108570000000000000000000, 150.4585200000000000000000000),
(581, 'Caroline Greenholt', 1, '2021-12-25 15:15:32', '2021-12-25 15:15:32', 1, 8, 1, 0, '6967 Williamson Springs Suite 103\nConnellyland, DE 58500-5406', NULL, NULL, NULL, NULL, NULL, NULL, '+1-430-890-9236', '2021-12-30', 'Becker', 0, NULL, '17:31', 'client976380143', NULL, 16.6834720000000000000000000, -158.3541700000000000000000000),
(582, 'Kolby Keebler V', 1, '2021-12-25 15:15:32', '2021-12-25 15:15:32', 2, 9, 1, 1, '433 Williamson Extensions Suite 835\nSouth Theodore, NY 82360', NULL, NULL, NULL, NULL, NULL, NULL, '949.960.5159', '2021-12-30', 'Grady', 0, NULL, '23:23', 'client448605721', NULL, -7.3832640000000000000000000, -127.8000450000000000000000000),
(583, 'Delta Fisher', 5, '2021-12-25 15:15:32', '2021-12-25 15:15:32', 1, 8, 0, 1, '2185 Brenden Ramp Apt. 069\nNew Andresstad, MA 21235-7307', NULL, NULL, NULL, NULL, NULL, NULL, '+1-517-365-0068', '2021-12-29', 'Parker', 0, NULL, '21:53', 'client504297350', NULL, -26.9658630000000000000000000, -134.6807230000000000000000000),
(584, 'Lelah Padberg', 2, '2021-12-25 15:15:32', '2021-12-25 15:15:32', 1, 8, 1, 1, '500 Steve Skyway Suite 603\nNorth Onie, SD 68575-4002', NULL, NULL, NULL, NULL, NULL, NULL, '972-332-9101', '2021-12-28', 'Reichert', 0, NULL, '13:03', 'client10786494', NULL, 15.7547840000000000000000000, 131.2105240000000000000000000),
(585, 'Cloyd Hartmann', 2, '2021-12-25 15:15:32', '2021-12-25 15:15:32', 1, 8, 1, 0, '1470 Rath Tunnel Apt. 869\nNew Virginiefurt, NE 19446', NULL, NULL, NULL, NULL, NULL, NULL, '305.732.1432', '2021-12-28', 'Satterfield', 0, NULL, '21:07', 'client547956105', NULL, -18.7999710000000000000000000, -172.2363440000000000000000000),
(586, 'Cora Thompson', 4, '2021-12-25 15:15:32', '2021-12-25 15:15:32', 2, 9, 1, 0, '7995 Mayert Roads\nCassinbury, AR 84453', NULL, NULL, NULL, NULL, NULL, NULL, '+1 (786) 336-3726', '2021-12-29', 'Ullrich', 0, NULL, '23:07', 'client612754153', NULL, -25.7496170000000000000000000, 159.5090730000000000000000000),
(587, 'Major Bode', 6, '2021-12-25 15:15:32', '2021-12-25 15:15:32', 2, 6, 0, 0, '82378 Marquardt Mountains Suite 117\nNew Lexie, IA 93046', NULL, NULL, NULL, NULL, NULL, NULL, '540-742-5967', '2021-12-29', 'Berge', 0, NULL, '15:19', 'client853203130', NULL, 33.2723870000000000000000000, 84.2076060000000000000000000),
(588, 'Victor Heaney', 3, '2021-12-25 15:15:32', '2021-12-25 15:15:32', 1, 8, 0, 0, '4454 Ahmed Squares Apt. 937\nQuitzonberg, OK 77093', NULL, NULL, NULL, NULL, NULL, NULL, '986.790.3933', '2021-12-26', 'Bartell', 0, NULL, '16:17', 'client278376370', NULL, 15.8908320000000000000000000, 103.6427660000000000000000000),
(589, 'Veda Kub', 1, '2021-12-25 15:15:32', '2021-12-25 15:15:32', 1, 5, 1, 1, '547 Garrick Hills Suite 220\nHillside, DC 83212-4751', NULL, NULL, NULL, NULL, NULL, NULL, '+1 (215) 531-3455', '2021-12-28', 'Collins', 0, NULL, '17:12', 'client460344386', NULL, -19.6477710000000000000000000, 159.1880270000000000000000000),
(590, 'Rebecca Marks', 2, '2021-12-25 15:15:32', '2021-12-25 15:15:32', 1, 5, 1, 0, '653 Gorczany Meadows Apt. 142\nFrancescaberg, MT 79425', NULL, NULL, NULL, NULL, NULL, NULL, '1-716-465-1569', '2021-12-29', 'Bergstrom', 0, NULL, '23:14', 'client102727926', NULL, 27.4260690000000000000000000, -3.3529360000000000000000000),
(591, 'Dr. Abigale Bosco', 3, '2021-12-25 15:15:32', '2021-12-25 15:15:32', 1, 8, 1, 0, '974 Josianne Well Apt. 116\nPredovicfurt, ME 56492', NULL, NULL, NULL, NULL, NULL, NULL, '1-270-382-0411', '2021-12-29', 'Brown', 0, NULL, '01:47', 'client313157767', NULL, 2.8953640000000000000000000, 133.3744200000000000000000000),
(592, 'Ms. June Veum', 4, '2021-12-25 15:15:32', '2021-12-25 15:15:32', 2, 5, 1, 0, '41097 Chad Mall\nCortezland, NE 27999-7950', NULL, NULL, NULL, NULL, NULL, NULL, '1-704-506-3304', '2021-12-30', 'Koelpin', 0, NULL, '17:47', 'client278616720', NULL, 2.1320940000000000000000000, 84.7288190000000000000000000),
(593, 'Clement Hudson', 4, '2021-12-25 15:15:32', '2021-12-25 15:15:32', 2, 9, 1, 0, '61396 Nitzsche Plains Suite 352\nUlisesshire, VT 76543', NULL, NULL, NULL, NULL, NULL, NULL, '463.792.0626', '2021-12-25', 'Moore', 0, NULL, '01:57', 'client931864002', NULL, -52.1443410000000000000000000, -17.6532420000000000000000000),
(594, 'Tommie Runolfsson PhD', 2, '2021-12-25 15:15:32', '2021-12-25 15:15:32', 1, 6, 0, 1, '996 Abner Extensions\nRoderickborough, TX 70562', NULL, NULL, NULL, NULL, NULL, NULL, '346-791-9860', '2021-12-26', 'Stoltenberg', 0, NULL, '14:01', 'client646889861', NULL, 77.7961700000000000000000000, -151.1268240000000000000000000),
(595, 'Zaria Deckow', 7, '2021-12-25 15:15:32', '2021-12-25 15:15:32', 1, 4, 0, 0, '2959 Davon Brooks Suite 585\nNorth Evelyn, FL 88711-6011', NULL, NULL, NULL, NULL, NULL, NULL, '+17852159669', '2021-12-26', 'Schuster', 0, NULL, '09:10', 'client191324515', NULL, -4.0246030000000000000000000, -94.2194840000000000000000000),
(596, 'Miss Haylie Hegmann DVM', 7, '2021-12-25 15:15:32', '2021-12-25 15:15:32', 2, 4, 0, 1, '33347 Kaley Center\nFraneckishire, DC 85881', NULL, NULL, NULL, NULL, NULL, NULL, '(870) 678-3201', '2021-12-28', 'Beier', 0, NULL, '06:28', 'client708122839', NULL, -41.3813400000000000000000000, -46.7328240000000000000000000),
(597, 'Kenneth Funk', 6, '2021-12-25 15:15:32', '2021-12-25 15:15:32', 2, 4, 0, 0, '622 Hilma Parkways\nAnkundingbury, KS 87064', NULL, NULL, NULL, NULL, NULL, NULL, '1-678-904-3074', '2021-12-25', 'Sanford', 0, NULL, '07:22', 'client402982049', NULL, -29.8340890000000000000000000, -174.2957400000000000000000000),
(598, 'Dr. Odell Lind', 5, '2021-12-25 15:15:32', '2021-12-25 15:15:32', 1, 6, 0, 1, '208 Winfield Knolls\nPort Alessandramouth, UT 77953', NULL, NULL, NULL, NULL, NULL, NULL, '1-325-737-8183', '2021-12-30', 'Maggio', 0, NULL, '01:25', 'client37542897', NULL, -86.4004730000000000000000000, -108.7581400000000000000000000);
INSERT INTO `leads` (`id`, `name`, `count`, `created_at`, `updated_at`, `campaign_id`, `admin_id`, `assigned`, `completed`, `address`, `advisor`, `day`, `language`, `nationality`, `postcode`, `location`, `telprivat`, `appointmentdate`, `lname`, `wantsonline`, `app`, `time`, `slug`, `assign_date`, `lati`, `longi`) VALUES
(599, 'Elizabeth Gislason', 2, '2021-12-25 15:15:32', '2021-12-25 15:15:32', 1, 9, 1, 0, '10821 Schultz Fall Suite 587\nSouth Ronny, MI 90021-2193', NULL, NULL, NULL, NULL, NULL, NULL, '1-475-943-3590', '2021-12-25', 'Herman', 0, NULL, '06:37', 'client193808975', NULL, -85.6466710000000000000000000, -30.6426220000000000000000000),
(600, 'Octavia Rowe IV', 4, '2021-12-25 15:15:32', '2021-12-25 15:15:32', 1, 9, 1, 1, '529 Berge Locks Apt. 748\nLake Columbus, IA 36315-0267', NULL, NULL, NULL, NULL, NULL, NULL, '(510) 969-5321', '2021-12-28', 'Johnston', 0, NULL, '22:00', 'client45994645', NULL, 20.4026030000000000000000000, -163.1710560000000000000000000),
(601, 'Hollis Stracke', 5, '2021-12-25 15:15:32', '2021-12-25 15:15:32', 2, 9, 1, 0, '30979 Arlene Pines\nPort Joliehaven, SC 13358-4374', NULL, NULL, NULL, NULL, NULL, NULL, '269-370-8128', '2021-12-28', 'Kemmer', 0, NULL, '01:30', 'client590267664', NULL, 79.2978840000000000000000000, 103.6149180000000000000000000),
(602, 'June Kuvalis', 1, '2021-12-25 15:15:32', '2021-12-25 15:15:32', 2, 7, 1, 1, '279 May Point\nLake Kylietown, DE 16557-9323', NULL, NULL, NULL, NULL, NULL, NULL, '931-444-8466', '2021-12-28', 'Zemlak', 0, NULL, '08:24', 'client134421732', NULL, -80.1076740000000000000000000, -98.7566190000000000000000000),
(603, 'Lazaro Breitenberg', 4, '2021-12-25 15:15:32', '2021-12-25 15:15:32', 2, 5, 0, 1, '231 Hagenes Rest Suite 893\nHarveyville, NJ 66575', NULL, NULL, NULL, NULL, NULL, NULL, '+1 (559) 435-6744', '2021-12-30', 'Ernser', 0, NULL, '09:17', 'client818148839', NULL, 25.9102480000000000000000000, 91.8325190000000000000000000),
(604, 'Tia Medhurst', 1, '2021-12-25 15:15:32', '2021-12-25 15:15:32', 1, 4, 0, 1, '6978 Eden Route\nPort Jennyferberg, MD 88518', NULL, NULL, NULL, NULL, NULL, NULL, '+1 (336) 315-6845', '2021-12-27', 'Renner', 0, NULL, '04:37', 'client826417545', NULL, -66.7045910000000000000000000, -128.4398520000000000000000000),
(605, 'Melisa Hudson V', 7, '2021-12-25 15:15:32', '2021-12-25 15:15:32', 2, 7, 1, 0, '94424 Leonardo Meadow\nPort Gerry, OH 75144-8792', NULL, NULL, NULL, NULL, NULL, NULL, '832-453-3946', '2021-12-30', 'Lehner', 0, NULL, '05:29', 'client178209612', NULL, 47.9157000000000000000000000, 113.5626360000000000000000000),
(606, 'Ms. Anabel Schneider MD', 6, '2021-12-25 15:15:32', '2021-12-25 15:15:32', 1, 4, 1, 0, '268 Trystan Rue Suite 748\nSuzanneland, AK 08711-4798', NULL, NULL, NULL, NULL, NULL, NULL, '1-540-736-2247', '2021-12-30', 'Gaylord', 0, NULL, '16:48', 'client977447143', NULL, 45.0922700000000000000000000, -100.3671830000000000000000000),
(607, 'Dr. Seamus Beatty', 5, '2021-12-25 15:15:32', '2021-12-25 15:15:32', 1, 5, 1, 1, '217 Gianni Wells\nWest Nicolettemouth, OR 97524', NULL, NULL, NULL, NULL, NULL, NULL, '(256) 322-7194', '2021-12-25', 'Walter', 0, NULL, '17:00', 'client982841813', NULL, -79.5102640000000000000000000, -110.6845840000000000000000000),
(608, 'Emie Simonis', 5, '2021-12-25 15:15:32', '2021-12-25 15:15:32', 2, 9, 1, 1, '4202 Margaret Skyway\nDeontaefurt, OK 74482-9110', NULL, NULL, NULL, NULL, NULL, NULL, '616-588-3433', '2021-12-28', 'Sawayn', 0, NULL, '05:03', 'client508115305', NULL, -9.9223800000000000000000000, 76.1414520000000000000000000),
(609, 'Marisol Nolan', 2, '2021-12-25 15:15:32', '2021-12-25 15:15:32', 2, 7, 1, 1, '61242 Rose Wells\nNew Graciebury, NY 61118-8005', NULL, NULL, NULL, NULL, NULL, NULL, '540.319.1661', '2021-12-26', 'Johns', 0, NULL, '22:25', 'client838455220', NULL, 6.9103560000000000000000000, 162.7874280000000000000000000),
(610, 'Dr. Kristofer Howe', 5, '2021-12-25 15:15:32', '2021-12-25 15:15:32', 2, 5, 0, 1, '22190 Schumm Mall\nToyton, AK 71759-9825', NULL, NULL, NULL, NULL, NULL, NULL, '+1.316.309.6178', '2021-12-25', 'Russel', 0, NULL, '11:45', 'client820412340', NULL, 45.9422390000000000000000000, 139.5181510000000000000000000),
(611, 'Arely Jast', 7, '2021-12-25 15:15:32', '2021-12-25 15:15:32', 1, 8, 0, 0, '56941 Albina Prairie\nSouth Caesarmouth, MA 35676', NULL, NULL, NULL, NULL, NULL, NULL, '325.706.7276', '2021-12-30', 'Cronin', 0, NULL, '01:58', 'client192419243', NULL, -73.0856090000000000000000000, 108.6848320000000000000000000),
(612, 'Joyce Dickinson', 4, '2021-12-25 15:15:32', '2021-12-25 15:15:32', 2, 4, 1, 1, '28200 Germaine View Suite 319\nWestton, VA 12314-7857', NULL, NULL, NULL, NULL, NULL, NULL, '1-440-967-0876', '2021-12-25', 'Balistreri', 0, NULL, '14:49', 'client727337492', NULL, -86.3033440000000000000000000, -79.4889310000000000000000000),
(613, 'Sonia Homenick', 3, '2021-12-25 15:15:33', '2021-12-25 15:15:33', 2, 7, 1, 1, '679 Sage Park Suite 784\nMarysemouth, DC 98183-5406', NULL, NULL, NULL, NULL, NULL, NULL, '+1-612-750-2459', '2021-12-28', 'Quigley', 0, NULL, '05:34', 'client983697665', NULL, -39.6096690000000000000000000, -106.2116280000000000000000000),
(614, 'Prof. Salvatore Ankunding Jr.', 7, '2021-12-25 15:15:33', '2021-12-25 15:15:33', 2, 7, 0, 1, '374 Buckridge Views\nPurdyhaven, KS 79613', NULL, NULL, NULL, NULL, NULL, NULL, '386.643.0524', '2021-12-25', 'Herman', 0, NULL, '13:21', 'client584439035', NULL, -36.7930750000000000000000000, -111.8532680000000000000000000),
(615, 'Eleanora Reynolds DDS', 2, '2021-12-25 15:15:33', '2021-12-25 15:15:33', 1, 4, 1, 1, '542 Bednar Fort Apt. 694\nSouth Meredithburgh, ND 14352-2345', NULL, NULL, NULL, NULL, NULL, NULL, '+1-872-648-6420', '2021-12-26', 'Blick', 0, NULL, '15:24', 'client571502804', NULL, -33.6863020000000000000000000, -149.0030840000000000000000000),
(616, 'Yadira Leffler', 2, '2021-12-25 15:15:33', '2021-12-25 15:15:33', 1, 4, 1, 1, '50886 Pouros Green\nZemlakstad, IN 36966', NULL, NULL, NULL, NULL, NULL, NULL, '(341) 702-6174', '2021-12-30', 'Flatley', 0, NULL, '02:54', 'client597772857', NULL, 55.8843440000000000000000000, 87.6745140000000000000000000),
(617, 'Petra Sanford', 6, '2021-12-25 15:15:33', '2021-12-25 15:15:33', 2, 4, 1, 0, '3067 Quitzon Route\nFraneckiberg, MN 03210', NULL, NULL, NULL, NULL, NULL, NULL, '351.259.2283', '2021-12-29', 'Medhurst', 0, NULL, '07:30', 'client57514030', NULL, 41.4089050000000000000000000, -44.7784390000000000000000000),
(618, 'Hilton Dibbert', 5, '2021-12-25 15:15:33', '2021-12-25 15:15:33', 2, 6, 0, 1, '693 Daugherty Pines Apt. 808\nPort Henry, ME 48257', NULL, NULL, NULL, NULL, NULL, NULL, '+1-323-861-6034', '2021-12-30', 'Gusikowski', 0, NULL, '01:20', 'client927025484', NULL, 76.7872190000000000000000000, 178.9393680000000000000000000),
(619, 'Aidan Bailey', 5, '2021-12-25 15:15:33', '2021-12-25 15:15:33', 1, 5, 1, 0, '9929 Tillman Inlet\nLesliemouth, FL 19785', NULL, NULL, NULL, NULL, NULL, NULL, '1-361-991-1152', '2021-12-29', 'Hodkiewicz', 0, NULL, '21:06', 'client342794416', NULL, -51.1288520000000000000000000, 128.2982060000000000000000000),
(620, 'Tevin Ritchie', 1, '2021-12-25 15:15:33', '2021-12-25 15:15:33', 1, 5, 0, 0, '24948 Sincere Valleys\nMorissetteport, NE 75256', NULL, NULL, NULL, NULL, NULL, NULL, '(712) 836-4296', '2021-12-25', 'Rippin', 0, NULL, '12:57', 'client741216131', NULL, -15.7867200000000000000000000, -0.8454340000000000000000000),
(621, 'Roxanne Abbott II', 6, '2021-12-25 15:15:33', '2021-12-25 15:15:33', 2, 7, 1, 0, '197 Princess Freeway Apt. 319\nEast Maybell, MD 55229', NULL, NULL, NULL, NULL, NULL, NULL, '516-536-4099', '2021-12-26', 'Johns', 0, NULL, '19:14', 'client150545751', NULL, -33.7296590000000000000000000, -153.9202540000000000000000000),
(622, 'Prof. Magdalen Altenwerth', 2, '2021-12-25 15:15:33', '2021-12-25 15:15:33', 1, 9, 0, 0, '9164 Alex Haven Suite 952\nEltachester, VA 68597-4599', NULL, NULL, NULL, NULL, NULL, NULL, '+19302603624', '2021-12-27', 'Schuster', 0, NULL, '11:50', 'client796809137', NULL, -77.1915870000000000000000000, 47.2815640000000000000000000),
(623, 'Alvah Wisozk', 3, '2021-12-25 15:15:33', '2021-12-25 15:15:33', 2, 8, 1, 1, '169 Fatima Haven\nRyanfurt, OR 46429-3682', NULL, NULL, NULL, NULL, NULL, NULL, '479.358.0877', '2021-12-26', 'McDermott', 0, NULL, '17:11', 'client563740182', NULL, 6.5922730000000000000000000, 59.3364870000000000000000000),
(624, 'Miss Rachelle Bins', 1, '2021-12-25 15:15:33', '2021-12-25 15:15:33', 2, 7, 0, 0, '17699 Jakubowski Light Apt. 710\nSusannamouth, NH 91019', NULL, NULL, NULL, NULL, NULL, NULL, '+1-531-380-7005', '2021-12-27', 'Kertzmann', 0, NULL, '06:30', 'client515276538', NULL, -9.3802790000000000000000000, 133.1877560000000000000000000),
(625, 'Jamir Okuneva', 1, '2021-12-25 15:15:33', '2021-12-25 15:15:33', 2, 5, 0, 0, '395 Augusta Hollow Apt. 368\nLake Jovanmouth, NJ 43981-2332', NULL, NULL, NULL, NULL, NULL, NULL, '(574) 956-8613', '2021-12-25', 'Hane', 0, NULL, '13:45', 'client391795001', NULL, 45.8199840000000000000000000, 179.9762580000000000000000000),
(626, 'Fernando Halvorson', 3, '2021-12-25 15:15:33', '2021-12-25 15:15:33', 1, 4, 1, 0, '99490 Keebler Branch Suite 874\nPort Tianastad, WV 08886', NULL, NULL, NULL, NULL, NULL, NULL, '1-757-268-3542', '2021-12-25', 'Eichmann', 0, NULL, '05:43', 'client178496487', NULL, 39.0347270000000000000000000, 7.7577620000000000000000000),
(627, 'Ellsworth Padberg DDS', 2, '2021-12-25 15:15:33', '2021-12-25 15:15:33', 2, 6, 1, 1, '654 Paige Rest\nSouth Kadenstad, OH 48202', NULL, NULL, NULL, NULL, NULL, NULL, '+1.971.881.0352', '2021-12-27', 'Morissette', 0, NULL, '09:55', 'client908163170', NULL, 30.8426990000000000000000000, -122.4971990000000000000000000),
(628, 'Prof. Wilford Ondricka DDS', 1, '2021-12-25 15:15:33', '2021-12-25 15:15:33', 1, 9, 0, 1, '67547 Arne Prairie Suite 374\nBoganfurt, IL 52539', NULL, NULL, NULL, NULL, NULL, NULL, '+1-484-982-3392', '2021-12-29', 'Pfeffer', 0, NULL, '09:11', 'client741630591', NULL, -88.4248990000000000000000000, -60.9790350000000000000000000),
(629, 'Coralie Hills', 3, '2021-12-25 15:15:33', '2021-12-25 15:15:33', 2, 9, 1, 1, '86042 White Landing\nNew Keatonbury, CO 30336', NULL, NULL, NULL, NULL, NULL, NULL, '+18059099039', '2021-12-28', 'Jerde', 0, NULL, '14:41', 'client548289736', NULL, 27.9725460000000000000000000, -10.5446340000000000000000000),
(630, 'Conor Donnelly', 5, '2021-12-25 15:15:33', '2021-12-25 15:15:33', 2, 4, 1, 0, '81613 Jordyn Green Suite 975\nChristopshire, SC 03210', NULL, NULL, NULL, NULL, NULL, NULL, '580-997-8809', '2021-12-30', 'Murphy', 0, NULL, '11:29', 'client34101665', NULL, -18.2854740000000000000000000, 65.3496430000000000000000000),
(631, 'Caroline Schowalter', 4, '2021-12-25 15:15:33', '2021-12-25 15:15:33', 2, 8, 1, 1, '55673 Dan Ranch Suite 700\nNorth Ressiefort, SC 71661', NULL, NULL, NULL, NULL, NULL, NULL, '(986) 288-7449', '2021-12-29', 'Jenkins', 0, NULL, '19:24', 'client643205829', NULL, 82.6042370000000000000000000, -160.5028860000000000000000000),
(632, 'Domenica Tremblay', 1, '2021-12-25 15:15:33', '2021-12-25 15:15:33', 1, 5, 1, 1, '23243 Quitzon Port Apt. 093\nNew Aliya, GA 13056-7253', NULL, NULL, NULL, NULL, NULL, NULL, '1-858-402-9181', '2021-12-28', 'Schmitt', 0, NULL, '09:53', 'client799014958', NULL, -13.0737140000000000000000000, -147.2158050000000000000000000),
(633, 'Bud Schamberger', 2, '2021-12-25 15:15:33', '2021-12-25 15:15:33', 2, 6, 0, 0, '22907 Larson Plains\nSkileschester, SC 37249', NULL, NULL, NULL, NULL, NULL, NULL, '361.562.3828', '2021-12-28', 'Fahey', 0, NULL, '19:38', 'client755455181', NULL, 78.9510270000000000000000000, -1.5220420000000000000000000),
(634, 'Nelle Yost', 7, '2021-12-25 15:15:33', '2021-12-25 15:15:33', 1, 4, 1, 0, '465 Modesta Burg Suite 069\nPort Zackarybury, CO 27682-9137', NULL, NULL, NULL, NULL, NULL, NULL, '(405) 634-6362', '2021-12-26', 'Klein', 0, NULL, '12:14', 'client325125574', NULL, -77.6029350000000000000000000, 40.1429340000000000000000000),
(635, 'Mrs. Miracle Stokes III', 2, '2021-12-25 15:15:33', '2021-12-25 15:15:33', 2, 9, 1, 1, '612 Mayer Neck Suite 031\nPort Jermain, DE 17312', NULL, NULL, NULL, NULL, NULL, NULL, '+1-217-988-9477', '2021-12-25', 'Sipes', 0, NULL, '04:26', 'client890771020', NULL, -63.2958970000000000000000000, 117.3614120000000000000000000),
(636, 'Ansley Walker', 4, '2021-12-25 15:15:33', '2021-12-25 15:15:33', 1, 4, 1, 0, '841 Marquardt Mountains Suite 313\nTiannahaven, NH 81482', NULL, NULL, NULL, NULL, NULL, NULL, '404.947.4256', '2021-12-26', 'Gorczany', 0, NULL, '16:07', 'client695821004', NULL, -77.9552220000000000000000000, 98.7443640000000000000000000),
(637, 'Dr. Kattie Gleason IV', 7, '2021-12-25 15:15:33', '2021-12-25 15:15:33', 2, 5, 0, 0, '1582 Lorena Summit\nNoeberg, MN 32118', NULL, NULL, NULL, NULL, NULL, NULL, '(872) 501-7712', '2021-12-29', 'Marquardt', 0, NULL, '15:34', 'client345610611', NULL, -58.3348340000000000000000000, -173.5934020000000000000000000),
(638, 'Aniyah Dicki', 4, '2021-12-25 15:15:33', '2021-12-25 15:15:33', 1, 8, 0, 0, '95234 Adele Course Suite 592\nCeceliaburgh, ID 96003', NULL, NULL, NULL, NULL, NULL, NULL, '1-559-239-9223', '2021-12-29', 'Stehr', 0, NULL, '23:19', 'client667923995', NULL, 28.1759830000000000000000000, -115.6408140000000000000000000),
(639, 'Prof. Abraham Walter', 5, '2021-12-25 15:15:33', '2021-12-25 15:15:33', 2, 6, 1, 0, '759 Monahan Light Suite 269\nKulasstad, NH 31135-4449', NULL, NULL, NULL, NULL, NULL, NULL, '757-422-9558', '2021-12-30', 'McGlynn', 0, NULL, '14:00', 'client372359788', NULL, 76.8423970000000000000000000, -81.0501550000000000000000000),
(640, 'Reta Glover MD', 4, '2021-12-25 15:15:33', '2021-12-25 15:15:33', 1, 4, 0, 0, '64997 Kristopher Cape\nSouth Sabina, FL 76221-1263', NULL, NULL, NULL, NULL, NULL, NULL, '317-422-4496', '2021-12-27', 'Hackett', 0, NULL, '14:13', 'client902175148', NULL, -72.8706710000000000000000000, 5.7656880000000000000000000),
(641, 'Steve Collier', 2, '2021-12-25 15:15:33', '2021-12-25 15:15:33', 1, 7, 1, 1, '364 Shanahan Groves Apt. 480\nNew Mandy, CO 40632', NULL, NULL, NULL, NULL, NULL, NULL, '1-325-626-9282', '2021-12-30', 'Stanton', 0, NULL, '22:31', 'client817979621', NULL, 79.9288000000000000000000000, -1.5521160000000000000000000),
(642, 'Marcelo Connelly DDS', 3, '2021-12-25 15:15:33', '2021-12-25 15:15:33', 1, 5, 1, 0, '460 Stone Course\nNovaland, VT 40874-2249', NULL, NULL, NULL, NULL, NULL, NULL, '+1.484.275.1430', '2021-12-26', 'Wolff', 0, NULL, '09:52', 'client530961380', NULL, 4.4788750000000000000000000, 174.9492860000000000000000000),
(643, 'Sammie Koch', 2, '2021-12-25 15:15:33', '2021-12-25 15:15:33', 1, 9, 0, 1, '427 Juston Overpass\nHansenmouth, WY 40030', NULL, NULL, NULL, NULL, NULL, NULL, '314.923.6597', '2021-12-25', 'Morar', 0, NULL, '20:45', 'client71759747', NULL, -50.9797630000000000000000000, -138.5019470000000000000000000),
(644, 'Cloyd Bechtelar', 7, '2021-12-25 15:15:33', '2021-12-25 15:15:33', 1, 9, 1, 1, '254 Michel Valley\nMargarettatown, WA 66530', NULL, NULL, NULL, NULL, NULL, NULL, '283.905.6996', '2021-12-26', 'Steuber', 0, NULL, '23:39', 'client61756949', NULL, 70.4344520000000000000000000, 162.6158470000000000000000000),
(645, 'Mr. Roger Kunde', 1, '2021-12-25 15:15:33', '2021-12-25 15:15:33', 1, 4, 0, 0, '36682 Jade Radial\nNorth Jodie, NV 60906', NULL, NULL, NULL, NULL, NULL, NULL, '(321) 441-5424', '2021-12-26', 'Runte', 0, NULL, '12:56', 'client485121033', NULL, -63.5665400000000000000000000, -140.1694850000000000000000000),
(646, 'Gerald Brown', 4, '2021-12-25 15:15:33', '2021-12-25 15:15:33', 2, 4, 0, 0, '3703 Dean Fields\nPort Roxanne, TN 15348-1730', NULL, NULL, NULL, NULL, NULL, NULL, '+1-770-425-7568', '2021-12-26', 'Stoltenberg', 0, NULL, '08:31', 'client259846866', NULL, -9.7272570000000000000000000, -11.9272580000000000000000000),
(647, 'Dr. Ramiro Wuckert', 5, '2021-12-25 15:15:33', '2021-12-25 15:15:33', 2, 9, 1, 0, '9138 Schinner Forks Apt. 565\nWest Lorenza, NM 26068-0681', NULL, NULL, NULL, NULL, NULL, NULL, '+1-234-239-9231', '2021-12-25', 'Lueilwitz', 0, NULL, '23:53', 'client594535139', NULL, -18.9207330000000000000000000, 108.5442200000000000000000000),
(648, 'Luisa Hansen', 3, '2021-12-25 15:15:33', '2021-12-25 15:15:33', 2, 4, 1, 0, '693 Mayert Causeway\nSouth Dariantown, WV 38789', NULL, NULL, NULL, NULL, NULL, NULL, '1-425-883-2474', '2021-12-26', 'Mraz', 0, NULL, '06:49', 'client393954448', NULL, 35.8379940000000000000000000, 16.4788040000000000000000000),
(649, 'Bailee Thompson', 3, '2021-12-25 15:15:33', '2021-12-25 15:15:33', 1, 4, 0, 1, '8140 Homenick Glens\nPort Flavioville, NJ 63558-8818', NULL, NULL, NULL, NULL, NULL, NULL, '(620) 627-4438', '2021-12-30', 'Bayer', 0, NULL, '21:45', 'client851457006', NULL, 53.5362320000000000000000000, -144.0963290000000000000000000),
(650, 'Humberto Torphy', 6, '2021-12-25 15:15:33', '2021-12-25 15:15:33', 2, 5, 0, 0, '80848 Kihn Course\nWest Waltonport, ND 91824-8533', NULL, NULL, NULL, NULL, NULL, NULL, '(602) 232-9020', '2021-12-29', 'Waelchi', 0, NULL, '09:34', 'client142379992', NULL, 80.1629270000000000000000000, 96.0264860000000000000000000),
(651, 'Payton Mertz', 2, '2021-12-25 15:15:33', '2021-12-25 15:15:33', 2, 4, 1, 0, '959 Herminio Points\nFadelbury, MI 95177-1754', NULL, NULL, NULL, NULL, NULL, NULL, '+1.228.807.8088', '2021-12-25', 'Zemlak', 0, NULL, '13:41', 'client844314888', NULL, 6.6030070000000000000000000, -117.8397040000000000000000000),
(652, 'Liza Trantow', 3, '2021-12-25 15:15:33', '2021-12-25 15:15:33', 2, 9, 0, 0, '237 Evan Court\nLake Watsonmouth, TX 51759', NULL, NULL, NULL, NULL, NULL, NULL, '+1 (743) 937-3273', '2021-12-27', 'Green', 0, NULL, '03:12', 'client134433545', NULL, 37.1641070000000000000000000, 92.8818390000000000000000000),
(653, 'Keely Hintz', 5, '2021-12-25 15:15:33', '2021-12-25 15:15:33', 1, 5, 1, 0, '9571 Forrest Station\nAlycebury, SD 26604-9949', NULL, NULL, NULL, NULL, NULL, NULL, '1-551-873-2723', '2021-12-29', 'Erdman', 0, NULL, '02:04', 'client802033724', NULL, -14.5212970000000000000000000, 82.5794410000000000000000000),
(654, 'Curtis Hagenes', 5, '2021-12-25 15:15:33', '2021-12-25 15:15:33', 1, 7, 1, 0, '990 Savannah Terrace\nDallasfort, CO 85277-5263', NULL, NULL, NULL, NULL, NULL, NULL, '1-928-959-7304', '2021-12-29', 'Bruen', 0, NULL, '03:40', 'client162028592', NULL, 7.6920240000000000000000000, -178.2444130000000000000000000),
(655, 'Corine Conn', 1, '2021-12-25 15:15:33', '2021-12-25 15:15:33', 1, 9, 0, 0, '56098 Ryan Radial Apt. 762\nLake Howard, IN 73718-2468', NULL, NULL, NULL, NULL, NULL, NULL, '270-614-6656', '2021-12-28', 'Ferry', 0, NULL, '15:50', 'client609560770', NULL, -13.2061730000000000000000000, -93.5446240000000000000000000),
(656, 'Mr. Geoffrey Lehner', 5, '2021-12-25 15:15:33', '2021-12-25 15:15:33', 1, 4, 0, 1, '22081 Modesta Forge Suite 403\nWest Keshaunmouth, AR 88490', NULL, NULL, NULL, NULL, NULL, NULL, '630.998.4554', '2021-12-25', 'Wunsch', 0, NULL, '10:57', 'client77945560', NULL, -62.6761810000000000000000000, -81.3103500000000000000000000),
(657, 'Jason Gottlieb PhD', 5, '2021-12-25 15:15:33', '2021-12-25 15:15:33', 1, 9, 1, 1, '52512 Benton Corner\nCharityton, AZ 86900-7631', NULL, NULL, NULL, NULL, NULL, NULL, '1-239-767-9084', '2021-12-30', 'Durgan', 0, NULL, '10:37', 'client635651160', NULL, -7.4581040000000000000000000, 79.4415170000000000000000000),
(658, 'Lois Armstrong', 1, '2021-12-25 15:15:33', '2021-12-25 15:15:33', 2, 7, 0, 0, '6666 Tillman Flat Apt. 830\nEast Hobartborough, MA 53482', NULL, NULL, NULL, NULL, NULL, NULL, '+17818069591', '2021-12-29', 'Ferry', 0, NULL, '15:50', 'client434632680', NULL, -59.9085830000000000000000000, -54.6739720000000000000000000),
(659, 'Thurman Wuckert', 1, '2021-12-25 15:15:33', '2021-12-25 15:15:33', 2, 4, 0, 0, '5828 Eloise Extensions\nMayerbury, WV 33485-2306', NULL, NULL, NULL, NULL, NULL, NULL, '(580) 466-7923', '2021-12-27', 'O\'Conner', 0, NULL, '02:24', 'client89804815', NULL, 0.3734290000000000000000000, -92.0044400000000000000000000),
(660, 'Russell Carroll', 1, '2021-12-25 15:15:33', '2021-12-25 15:15:33', 1, 4, 0, 0, '19354 Corbin Oval Apt. 862\nEast Vivien, MS 42339-7598', NULL, NULL, NULL, NULL, NULL, NULL, '818-365-4610', '2021-12-25', 'Homenick', 0, NULL, '18:00', 'client429140143', NULL, -84.3666790000000000000000000, 162.7824560000000000000000000),
(661, 'Miss Alta Osinski', 1, '2021-12-25 15:15:33', '2021-12-25 15:15:33', 1, 7, 0, 0, '33162 Morissette Forest\nWest Brantmouth, NY 30274-3266', NULL, NULL, NULL, NULL, NULL, NULL, '+1-218-532-2409', '2021-12-25', 'Ernser', 0, NULL, '10:06', 'client824308945', NULL, 80.7841350000000000000000000, -172.4097730000000000000000000),
(662, 'Prof. Clint Ortiz Jr.', 6, '2021-12-25 15:15:33', '2021-12-25 15:15:33', 1, 5, 1, 1, '227 Jazmin Drive Apt. 796\nSouth Bertberg, NY 68722', NULL, NULL, NULL, NULL, NULL, NULL, '339.943.4459', '2021-12-27', 'Purdy', 0, NULL, '14:06', 'client288829684', NULL, -8.4799510000000000000000000, -101.3767180000000000000000000),
(663, 'Prof. Sarah Sporer V', 5, '2021-12-25 15:15:33', '2021-12-25 15:15:33', 2, 9, 1, 0, '14874 Shaniya Road Suite 601\nNorth Brandyburgh, AK 29880', NULL, NULL, NULL, NULL, NULL, NULL, '+14793404751', '2021-12-28', 'Emard', 0, NULL, '11:21', 'client401809039', NULL, -87.6698000000000000000000000, -9.6574990000000000000000000),
(664, 'Phoebe Schmeler', 2, '2021-12-25 15:15:33', '2021-12-25 15:15:33', 2, 7, 1, 1, '401 Ruby Turnpike Apt. 592\nNorth Libbie, MA 12189-8149', NULL, NULL, NULL, NULL, NULL, NULL, '+1.240.692.9036', '2021-12-30', 'Jakubowski', 0, NULL, '10:53', 'client472593334', NULL, 23.2958080000000000000000000, 107.5002470000000000000000000),
(665, 'Misty Leannon', 5, '2021-12-25 15:15:33', '2021-12-25 15:15:33', 1, 7, 1, 0, '288 Jacobi Grove\nEast Verdatown, SD 29936-5538', NULL, NULL, NULL, NULL, NULL, NULL, '857-410-8277', '2021-12-29', 'Rath', 0, NULL, '10:52', 'client874871638', NULL, -70.4820000000000000000000000, -85.2717940000000000000000000),
(666, 'Ernestina Roberts Sr.', 5, '2021-12-25 15:15:33', '2021-12-25 15:15:33', 2, 9, 0, 1, '2468 Harber Motorway\nEast Kamrenfurt, NE 63944', NULL, NULL, NULL, NULL, NULL, NULL, '1-218-799-4776', '2021-12-25', 'Barrows', 0, NULL, '00:44', 'client728509732', NULL, -65.6322390000000000000000000, -148.2222380000000000000000000),
(667, 'Mrs. Leda Bernhard', 1, '2021-12-25 15:15:33', '2021-12-25 15:15:33', 1, 8, 0, 0, '397 Swaniawski Circle\nPort Jovaniborough, OH 13052', NULL, NULL, NULL, NULL, NULL, NULL, '+16238993862', '2021-12-26', 'Kozey', 0, NULL, '08:57', 'client721751769', NULL, -61.7834430000000000000000000, -173.5246640000000000000000000),
(668, 'Taya Hoppe', 6, '2021-12-25 15:15:33', '2021-12-25 15:15:33', 1, 8, 1, 1, '231 Marvin Turnpike\nBrandynhaven, MI 34185', NULL, NULL, NULL, NULL, NULL, NULL, '559-631-2387', '2021-12-26', 'Watsica', 0, NULL, '23:13', 'client637976142', NULL, -19.7662120000000000000000000, 134.9856500000000000000000000),
(669, 'Prof. Randal McGlynn DDS', 6, '2021-12-25 15:15:33', '2021-12-25 15:15:33', 2, 8, 0, 1, '5774 Emmerich Glens Apt. 678\nSuzannestad, TX 88143', NULL, NULL, NULL, NULL, NULL, NULL, '586.548.7040', '2021-12-29', 'Ortiz', 0, NULL, '12:55', 'client957530122', NULL, 26.6485410000000000000000000, -8.4945910000000000000000000),
(670, 'Cicero Tromp', 1, '2021-12-25 15:15:33', '2021-12-25 15:15:33', 1, 6, 0, 0, '6608 Kuhlman Ville\nLake Golda, OH 09326', NULL, NULL, NULL, NULL, NULL, NULL, '929-392-5596', '2021-12-30', 'Corwin', 0, NULL, '11:09', 'client174455703', NULL, -46.0040160000000000000000000, 85.5262510000000000000000000),
(671, 'Ubaldo Marks', 7, '2021-12-25 15:15:33', '2021-12-25 15:15:33', 2, 6, 0, 0, '86622 Larkin Throughway Suite 614\nSouth Brendafurt, CO 15185-4410', NULL, NULL, NULL, NULL, NULL, NULL, '+1 (458) 892-3489', '2021-12-28', 'Hickle', 0, NULL, '01:38', 'client774931985', NULL, 86.9586520000000000000000000, -105.8476180000000000000000000),
(672, 'Julie Greenholt', 6, '2021-12-25 15:15:33', '2021-12-25 15:15:33', 1, 9, 1, 0, '160 Hickle Plains\nAbdulbury, NV 21035-3933', NULL, NULL, NULL, NULL, NULL, NULL, '+1 (716) 440-2059', '2021-12-26', 'Schneider', 0, NULL, '14:13', 'client685619200', NULL, -60.3645210000000000000000000, -58.1528100000000000000000000),
(673, 'Wiley Von', 1, '2021-12-25 15:15:33', '2021-12-25 15:15:33', 2, 5, 1, 1, '1210 Bauch Route\nMarciachester, WY 02103', NULL, NULL, NULL, NULL, NULL, NULL, '1-858-422-2519', '2021-12-30', 'Goodwin', 0, NULL, '15:50', 'client245909572', NULL, -53.6214150000000000000000000, -26.0615850000000000000000000),
(674, 'Ms. Ozella Stracke II', 3, '2021-12-25 15:15:33', '2021-12-25 15:15:33', 2, 5, 0, 0, '3356 Lenora Causeway\nEast Dorcas, DE 70422-7582', NULL, NULL, NULL, NULL, NULL, NULL, '(732) 358-3162', '2021-12-25', 'Romaguera', 0, NULL, '21:21', 'client193099617', NULL, -2.0576280000000000000000000, 107.1539030000000000000000000),
(675, 'Porter Hirthe', 5, '2021-12-25 15:15:33', '2021-12-25 15:15:33', 1, 7, 0, 0, '9555 Alberto Flats Suite 444\nWest Emmanuel, ND 27727', NULL, NULL, NULL, NULL, NULL, NULL, '+1.984.788.2040', '2021-12-25', 'Heaney', 0, NULL, '17:42', 'client735990313', NULL, -35.9824930000000000000000000, 5.3800110000000000000000000),
(676, 'Aileen Reilly', 1, '2021-12-25 15:15:33', '2021-12-25 15:15:33', 1, 8, 0, 1, '81989 Dibbert Rapids Apt. 719\nNorth Rowenahaven, NJ 31989-2571', NULL, NULL, NULL, NULL, NULL, NULL, '1-283-303-4515', '2021-12-30', 'Haag', 0, NULL, '15:57', 'client598311794', NULL, -82.3983100000000000000000000, -22.7576830000000000000000000),
(677, 'Josiah Kiehn Jr.', 1, '2021-12-25 15:15:33', '2021-12-25 15:15:33', 2, 7, 0, 0, '413 Gideon Mews Suite 101\nLake Lilly, MN 98599-5400', NULL, NULL, NULL, NULL, NULL, NULL, '432.410.2379', '2021-12-27', 'Gulgowski', 0, NULL, '16:26', 'client839037990', NULL, -33.1256270000000000000000000, -42.6451620000000000000000000),
(678, 'Tiffany Watsica Jr.', 1, '2021-12-25 15:15:33', '2021-12-25 15:15:33', 1, 6, 1, 1, '1859 Cartwright Burgs Apt. 518\nMarvinfurt, GA 85878-5418', NULL, NULL, NULL, NULL, NULL, NULL, '971.759.4040', '2021-12-25', 'Ullrich', 0, NULL, '09:09', 'client984530679', NULL, -47.6249040000000000000000000, 173.8060130000000000000000000),
(679, 'Miss Antonia O\'Reilly', 5, '2021-12-25 15:15:33', '2021-12-25 15:15:33', 1, 4, 1, 1, '328 Turner Road\nAugustahaven, WY 77962-2278', NULL, NULL, NULL, NULL, NULL, NULL, '(220) 674-2761', '2021-12-28', 'Boyer', 0, NULL, '01:21', 'client307334727', NULL, -55.5221280000000000000000000, -179.0737910000000000000000000),
(680, 'Malvina Beer', 7, '2021-12-25 15:15:33', '2021-12-25 15:15:33', 2, 4, 1, 0, '3796 Carlo Shore Suite 685\nFeestbury, KY 83592', NULL, NULL, NULL, NULL, NULL, NULL, '(937) 985-4127', '2021-12-30', 'Hegmann', 0, NULL, '08:20', 'client369469349', NULL, -88.0159250000000000000000000, -134.4570490000000000000000000),
(681, 'Alexandre Cartwright', 5, '2021-12-25 15:15:33', '2021-12-25 15:15:33', 1, 5, 0, 0, '67633 Fabiola Well\nNorth Clovisborough, LA 78601', NULL, NULL, NULL, NULL, NULL, NULL, '+1 (856) 693-4219', '2021-12-30', 'Gleason', 0, NULL, '05:39', 'client70460829', NULL, -47.1142840000000000000000000, -66.4646760000000000000000000),
(682, 'Samson Nicolas', 5, '2021-12-25 15:15:33', '2021-12-25 15:15:33', 2, 7, 0, 0, '446 Fay Crescent Suite 331\nKellyport, WI 47542', NULL, NULL, NULL, NULL, NULL, NULL, '+1-239-840-5100', '2021-12-25', 'Gorczany', 0, NULL, '12:04', 'client267276781', NULL, -67.3408570000000000000000000, 20.0298290000000000000000000),
(683, 'Hettie Mertz', 4, '2021-12-25 15:15:33', '2021-12-25 15:15:33', 1, 9, 0, 1, '129 Auer Street\nDeckowstad, MN 73944', NULL, NULL, NULL, NULL, NULL, NULL, '(574) 887-0319', '2021-12-28', 'Beer', 0, NULL, '23:01', 'client759313104', NULL, 82.4630160000000000000000000, 130.5022020000000000000000000),
(684, 'Bettie DuBuque', 4, '2021-12-25 15:15:33', '2021-12-25 15:15:33', 1, 5, 1, 0, '760 Kris Glen\nWest Laishaland, NE 83793', NULL, NULL, NULL, NULL, NULL, NULL, '858-834-5425', '2021-12-29', 'Koelpin', 0, NULL, '21:55', 'client879906177', NULL, 18.6114660000000000000000000, -131.2793800000000000000000000),
(685, 'Kaylee Langosh', 1, '2021-12-25 15:15:33', '2021-12-25 15:15:33', 1, 6, 1, 0, '97250 Collins Views\nEast Olga, PA 43041', NULL, NULL, NULL, NULL, NULL, NULL, '(269) 694-5783', '2021-12-26', 'Windler', 0, NULL, '23:44', 'client667518053', NULL, 89.3155500000000000000000000, -65.7331840000000000000000000),
(686, 'Ebony Bins I', 5, '2021-12-25 15:15:33', '2021-12-25 15:15:33', 1, 7, 0, 1, '31421 Wyman Meadow\nNew Kaylistad, SC 18248-9335', NULL, NULL, NULL, NULL, NULL, NULL, '1-312-395-8534', '2021-12-26', 'Donnelly', 0, NULL, '04:01', 'client781965840', NULL, 40.8217200000000000000000000, -17.4314630000000000000000000),
(687, 'Hershel Haag', 7, '2021-12-25 15:15:33', '2021-12-25 15:15:33', 2, 4, 1, 0, '92417 Walsh Station Apt. 872\nGoodwinview, WV 04285-6219', NULL, NULL, NULL, NULL, NULL, NULL, '351.325.2256', '2021-12-28', 'Zieme', 0, NULL, '00:22', 'client477234336', NULL, 57.6804730000000000000000000, -140.3028050000000000000000000),
(688, 'Flavio Runolfsdottir II', 4, '2021-12-25 15:15:33', '2021-12-25 15:15:33', 1, 6, 1, 1, '437 Huels Streets Apt. 666\nPorterport, OH 04213-0580', NULL, NULL, NULL, NULL, NULL, NULL, '+1-352-837-2938', '2021-12-25', 'Oberbrunner', 0, NULL, '15:01', 'client173123167', NULL, -77.1855790000000000000000000, -94.5056360000000000000000000),
(689, 'Nicolas Blanda', 4, '2021-12-25 15:15:33', '2021-12-25 15:15:33', 2, 6, 0, 0, '29937 Dario Pike Apt. 077\nNew Kristina, TX 00305', NULL, NULL, NULL, NULL, NULL, NULL, '+1.458.865.9148', '2021-12-26', 'Crona', 0, NULL, '20:26', 'client908718214', NULL, 11.5163920000000000000000000, 21.6302070000000000000000000),
(690, 'Mr. Kory Stracke', 5, '2021-12-25 15:15:33', '2021-12-25 15:15:33', 1, 9, 1, 0, '224 Lyric Isle\nKossside, PA 58167-3469', NULL, NULL, NULL, NULL, NULL, NULL, '+1-678-324-2697', '2021-12-25', 'Koss', 0, NULL, '23:53', 'client473159071', NULL, 16.1367980000000000000000000, -125.6758750000000000000000000),
(691, 'Brent Erdman', 5, '2021-12-25 15:15:33', '2021-12-25 15:15:33', 2, 5, 0, 0, '955 Boris Lane Suite 093\nNorth Freemanburgh, GA 79341-5703', NULL, NULL, NULL, NULL, NULL, NULL, '352.218.7929', '2021-12-28', 'Huel', 0, NULL, '09:13', 'client411298146', NULL, 16.6792590000000000000000000, 53.7981280000000000000000000),
(692, 'Mr. Glennie Bogan', 3, '2021-12-25 15:15:33', '2021-12-25 15:15:33', 2, 5, 0, 1, '6418 Hansen Stream Apt. 327\nSouth Demarcochester, NY 42168-9756', NULL, NULL, NULL, NULL, NULL, NULL, '+16027497515', '2021-12-29', 'Gleichner', 0, NULL, '22:04', 'client219761174', NULL, -14.2537100000000000000000000, -56.3753290000000000000000000),
(693, 'Tressa Feest', 1, '2021-12-25 15:15:33', '2021-12-25 15:15:33', 2, 8, 0, 1, '571 Goyette Port\nFredrickbury, DC 38421', NULL, NULL, NULL, NULL, NULL, NULL, '+1-781-728-0386', '2021-12-28', 'Hayes', 0, NULL, '01:03', 'client846402321', NULL, 31.7334790000000000000000000, 175.7020780000000000000000000),
(694, 'Dr. Candida Ernser I', 5, '2021-12-25 15:15:33', '2021-12-25 15:15:33', 2, 7, 0, 0, '3695 Sigmund Extension\nLake Lukas, ND 42572-8204', NULL, NULL, NULL, NULL, NULL, NULL, '1-539-302-6262', '2021-12-25', 'Cormier', 0, NULL, '01:59', 'client427902938', NULL, -5.7300510000000000000000000, -72.0456430000000000000000000),
(695, 'Prof. Jay Herzog', 6, '2021-12-25 15:15:33', '2021-12-25 15:15:33', 1, 5, 0, 1, '73100 Leatha Valley Apt. 098\nReannabury, WV 99673-4867', NULL, NULL, NULL, NULL, NULL, NULL, '1-660-342-1011', '2021-12-26', 'Harber', 0, NULL, '18:59', 'client371816166', NULL, 34.0419190000000000000000000, 33.7026600000000000000000000),
(696, 'Adriana Fritsch', 3, '2021-12-25 15:15:33', '2021-12-25 15:15:33', 1, 8, 1, 0, '90941 Alek Curve Apt. 750\nMerlinville, WI 13271', NULL, NULL, NULL, NULL, NULL, NULL, '901.767.2037', '2021-12-30', 'Luettgen', 0, NULL, '06:51', 'client191938315', NULL, 73.1883830000000000000000000, 122.6059860000000000000000000),
(697, 'Henderson Frami', 4, '2021-12-25 15:15:33', '2021-12-25 15:15:33', 1, 6, 0, 1, '960 Walker Cliff Apt. 569\nEast Aylinview, SC 02192', NULL, NULL, NULL, NULL, NULL, NULL, '+16093879370', '2021-12-27', 'Leuschke', 0, NULL, '23:20', 'client356071867', NULL, 1.4537840000000000000000000, -111.3598160000000000000000000),
(698, 'Mrs. Janessa Jones DVM', 7, '2021-12-25 15:15:33', '2021-12-25 15:15:33', 2, 7, 1, 0, '1435 Gorczany Fork\nTiaraborough, MA 76128-0118', NULL, NULL, NULL, NULL, NULL, NULL, '+1 (973) 478-4237', '2021-12-27', 'Bins', 0, NULL, '20:46', 'client208229756', NULL, 88.9354760000000000000000000, 48.5234420000000000000000000),
(699, 'Darren Torphy', 2, '2021-12-25 15:15:33', '2021-12-25 15:15:33', 1, 4, 0, 0, '9522 Lourdes Ridges\nNorth Paigetown, MA 46659-7221', NULL, NULL, NULL, NULL, NULL, NULL, '+1.757.528.4946', '2021-12-25', 'Brakus', 0, NULL, '03:58', 'client701068581', NULL, 29.0324490000000000000000000, -67.6878770000000000000000000),
(700, 'Alia Armstrong', 3, '2021-12-25 15:15:33', '2021-12-25 15:15:33', 2, 9, 1, 0, '375 Gorczany Mall\nWuckerthaven, IN 26389-5874', NULL, NULL, NULL, NULL, NULL, NULL, '1-757-879-6385', '2021-12-29', 'Kuvalis', 0, NULL, '04:16', 'client474948039', NULL, 39.0409710000000000000000000, -97.0914620000000000000000000),
(701, 'Ms. Dena Schinner II', 7, '2021-12-25 15:15:33', '2021-12-25 15:15:33', 1, 5, 1, 1, '91736 Aubrey Branch\nEast Emmiestad, LA 08778-4763', NULL, NULL, NULL, NULL, NULL, NULL, '+1 (718) 619-6160', '2021-12-28', 'Bailey', 0, NULL, '02:39', 'client657414962', NULL, 79.6763010000000000000000000, 89.7976600000000000000000000),
(702, 'Dr. Lauryn Upton', 7, '2021-12-25 15:15:33', '2021-12-25 15:15:33', 2, 8, 0, 0, '83875 Lesch Creek Apt. 364\nHowebury, DC 15423', NULL, NULL, NULL, NULL, NULL, NULL, '+1-574-930-3507', '2021-12-30', 'Lind', 0, NULL, '20:38', 'client323465792', NULL, 54.5537050000000000000000000, 11.2733910000000000000000000),
(703, 'Precious Dickinson', 6, '2021-12-25 15:15:33', '2021-12-25 15:15:33', 2, 9, 1, 0, '1252 Helga Landing Suite 339\nPort Donatoside, IL 25205-3677', NULL, NULL, NULL, NULL, NULL, NULL, '856.601.1120', '2021-12-29', 'Dare', 0, NULL, '04:07', 'client33552393', NULL, 30.6561400000000000000000000, -7.5764620000000000000000000),
(704, 'Elroy Ledner', 3, '2021-12-25 15:15:33', '2021-12-25 15:15:33', 2, 5, 1, 0, '60802 Olson Spurs Apt. 941\nSouth Myah, KY 95008-0584', NULL, NULL, NULL, NULL, NULL, NULL, '+1-213-381-2046', '2021-12-27', 'Auer', 0, NULL, '02:43', 'client556767899', NULL, 24.1737410000000000000000000, 124.3263790000000000000000000),
(705, 'Kianna Cremin', 1, '2021-12-25 15:15:33', '2021-12-25 15:15:33', 2, 5, 0, 1, '8376 Felicia Run\nDanykamouth, MI 67204', NULL, NULL, NULL, NULL, NULL, NULL, '+16783915740', '2021-12-29', 'Jaskolski', 0, NULL, '00:07', 'client608745140', NULL, 40.4561890000000000000000000, -42.4186870000000000000000000),
(706, 'Prof. Zetta O\'Conner', 7, '2021-12-25 15:15:33', '2021-12-25 15:15:33', 2, 4, 1, 0, '4272 Brandy Falls Apt. 293\nMitchellborough, MI 37990-1938', NULL, NULL, NULL, NULL, NULL, NULL, '+1.925.647.9680', '2021-12-28', 'Schulist', 0, NULL, '15:15', 'client764587947', NULL, -65.0824600000000000000000000, -42.8657560000000000000000000),
(707, 'Efrain Ebert', 3, '2021-12-25 15:15:33', '2021-12-25 15:15:33', 1, 9, 1, 1, '223 Dean Forges Suite 615\nYoshikochester, DE 27498-0110', NULL, NULL, NULL, NULL, NULL, NULL, '458.528.7320', '2021-12-25', 'Gleichner', 0, NULL, '00:15', 'client464669253', NULL, -65.3860480000000000000000000, -89.3942810000000000000000000),
(708, 'Prof. Aniyah Bartoletti', 4, '2021-12-25 15:15:33', '2021-12-25 15:15:33', 2, 6, 0, 0, '1252 Robert Plains Suite 412\nRosston, AZ 28895-8803', NULL, NULL, NULL, NULL, NULL, NULL, '385-721-0395', '2021-12-28', 'Mohr', 0, NULL, '14:20', 'client721034576', NULL, 78.9070950000000000000000000, 107.2236910000000000000000000),
(709, 'Priscilla Koepp Sr.', 6, '2021-12-25 15:15:33', '2021-12-25 15:15:33', 2, 4, 1, 0, '1274 Dibbert Radial Apt. 315\nLake Ceciliaborough, OK 55440', NULL, NULL, NULL, NULL, NULL, NULL, '(463) 229-5580', '2021-12-26', 'Luettgen', 0, NULL, '06:25', 'client581656123', NULL, -21.6031280000000000000000000, -138.6649000000000000000000000),
(710, 'Prof. Danyka Macejkovic', 2, '2021-12-25 15:15:33', '2021-12-25 15:15:33', 1, 5, 0, 0, '4141 Else Coves\nRempelburgh, AL 45089', NULL, NULL, NULL, NULL, NULL, NULL, '1-320-758-1417', '2021-12-30', 'Doyle', 0, NULL, '18:16', 'client621085653', NULL, -49.1078440000000000000000000, 45.3901960000000000000000000),
(711, 'Modesta Kunze III', 6, '2021-12-25 15:15:33', '2021-12-25 15:15:33', 2, 5, 0, 0, '9106 Ernser Rapid Apt. 665\nLake Danyka, IN 15306', NULL, NULL, NULL, NULL, NULL, NULL, '540-674-7136', '2021-12-29', 'McKenzie', 0, NULL, '07:16', 'client364269373', NULL, 28.9087380000000000000000000, -24.8516490000000000000000000),
(712, 'Mr. Roscoe Bailey IV', 6, '2021-12-25 15:15:33', '2021-12-25 15:15:33', 1, 9, 1, 1, '7584 Aubrey Isle\nBarneyburgh, OR 85893-5149', NULL, NULL, NULL, NULL, NULL, NULL, '+1-219-858-1194', '2021-12-27', 'Swaniawski', 0, NULL, '09:18', 'client467939479', NULL, 88.2476440000000000000000000, -50.2834880000000000000000000),
(713, 'Herman Leannon', 5, '2021-12-25 15:15:33', '2021-12-25 15:15:33', 1, 6, 1, 1, '3462 Major Meadows Apt. 014\nSouth Bertrand, ME 19747-4492', NULL, NULL, NULL, NULL, NULL, NULL, '+1-830-507-3327', '2021-12-27', 'Jones', 0, NULL, '08:59', 'client725953005', NULL, 14.1872990000000000000000000, 62.0478410000000000000000000),
(714, 'Joshuah Cole III', 3, '2021-12-25 15:15:33', '2021-12-25 15:15:33', 2, 8, 0, 1, '277 Rogahn Falls\nReytown, AZ 03668', NULL, NULL, NULL, NULL, NULL, NULL, '1-657-284-6192', '2021-12-30', 'Macejkovic', 0, NULL, '11:37', 'client110211660', NULL, 52.3022990000000000000000000, 168.9717340000000000000000000),
(715, 'Shanie Robel', 6, '2021-12-25 15:15:33', '2021-12-25 15:15:33', 2, 8, 1, 0, '4804 Dach Knoll\nPort Kamren, MT 41910', NULL, NULL, NULL, NULL, NULL, NULL, '(971) 723-8770', '2021-12-25', 'Lang', 0, NULL, '07:15', 'client399075542', NULL, 60.4324840000000000000000000, 115.6967820000000000000000000),
(716, 'Mrs. Imelda Waelchi III', 5, '2021-12-25 15:15:33', '2021-12-25 15:15:33', 1, 6, 0, 1, '8787 Lubowitz Square\nKleinview, ME 69314', NULL, NULL, NULL, NULL, NULL, NULL, '(973) 399-4857', '2021-12-28', 'Kutch', 0, NULL, '14:28', 'client483917491', NULL, 50.9376780000000000000000000, -34.2202700000000000000000000),
(717, 'Kyra Hettinger', 2, '2021-12-25 15:15:33', '2021-12-25 15:15:33', 2, 5, 1, 0, '52775 Tatyana Coves Apt. 605\nNorth Sydney, AR 88199-8509', NULL, NULL, NULL, NULL, NULL, NULL, '762.218.2016', '2021-12-30', 'Hamill', 0, NULL, '01:49', 'client300059835', NULL, 23.2828530000000000000000000, 106.1722160000000000000000000),
(718, 'Dr. Gunner Hodkiewicz', 5, '2021-12-25 15:15:33', '2021-12-25 15:15:33', 1, 7, 0, 0, '8507 Laverna Throughway Suite 902\nNorth Janis, KS 03535', NULL, NULL, NULL, NULL, NULL, NULL, '(479) 209-5963', '2021-12-29', 'Roberts', 0, NULL, '05:50', 'client954225351', NULL, 23.1647320000000000000000000, -155.8470560000000000000000000),
(719, 'Tyler Kuhic Sr.', 7, '2021-12-25 15:15:33', '2021-12-25 15:15:33', 2, 8, 0, 0, '4416 Albina Course Apt. 689\nNew Gladys, SD 71983', NULL, NULL, NULL, NULL, NULL, NULL, '+1 (234) 353-2397', '2021-12-27', 'Kutch', 0, NULL, '13:38', 'client298674159', NULL, 64.4428800000000000000000000, 154.6633350000000000000000000),
(720, 'Ewell Bins', 7, '2021-12-25 15:15:33', '2021-12-25 15:15:33', 2, 8, 0, 1, '404 Osborne Avenue Suite 379\nEast Golden, TN 22262-9409', NULL, NULL, NULL, NULL, NULL, NULL, '+1 (815) 214-8240', '2021-12-27', 'Luettgen', 0, NULL, '00:18', 'client825788724', NULL, 5.4128710000000000000000000, 33.9588570000000000000000000),
(721, 'Matilda Johns', 7, '2021-12-25 15:15:33', '2021-12-25 15:15:33', 2, 4, 1, 0, '4042 Blake Ports Apt. 422\nWillastad, WV 06425', NULL, NULL, NULL, NULL, NULL, NULL, '605-458-2500', '2021-12-27', 'Schiller', 0, NULL, '16:26', 'client74488510', NULL, -12.5784170000000000000000000, -128.5915680000000000000000000),
(722, 'Jailyn Abbott PhD', 3, '2021-12-25 15:15:33', '2021-12-25 15:15:33', 1, 5, 0, 1, '7262 Ray Mountain Suite 997\nWebsterchester, RI 73971', NULL, NULL, NULL, NULL, NULL, NULL, '+1.808.776.2625', '2021-12-27', 'Gerlach', 0, NULL, '11:01', 'client537524016', NULL, -55.3811360000000000000000000, -9.1390310000000000000000000),
(723, 'Rex Bechtelar PhD', 4, '2021-12-25 15:15:33', '2021-12-25 15:15:33', 1, 5, 1, 0, '841 Botsford Trail\nPort Sadieburgh, MS 65319', NULL, NULL, NULL, NULL, NULL, NULL, '+1 (810) 884-5041', '2021-12-27', 'Farrell', 0, NULL, '01:12', 'client719107886', NULL, 87.3853610000000000000000000, 178.9372270000000000000000000),
(724, 'Camille Barrows', 7, '2021-12-25 15:15:33', '2021-12-25 15:15:33', 1, 5, 1, 1, '6973 Clementina Cape\nHillshire, OK 09375-8034', NULL, NULL, NULL, NULL, NULL, NULL, '+1 (985) 355-7277', '2021-12-30', 'Murazik', 0, NULL, '04:39', 'client858834282', NULL, -2.5510480000000000000000000, 109.2553960000000000000000000),
(725, 'Estella Kertzmann Sr.', 3, '2021-12-25 15:15:33', '2021-12-25 15:15:33', 1, 5, 1, 0, '21358 Hermann Station\nPort Myahshire, IA 08546-8106', NULL, NULL, NULL, NULL, NULL, NULL, '+1-330-923-9962', '2021-12-25', 'Wyman', 0, NULL, '05:11', 'client368920696', NULL, 28.3872870000000000000000000, -126.9472460000000000000000000),
(726, 'Prof. Sammy Ebert', 1, '2021-12-25 15:15:33', '2021-12-25 15:15:33', 2, 6, 1, 1, '845 Moore Valley\nEast Jaylin, NJ 51394', NULL, NULL, NULL, NULL, NULL, NULL, '1-808-849-8406', '2021-12-28', 'Walter', 0, NULL, '06:34', 'client97989630', NULL, 17.3902660000000000000000000, -69.8382570000000000000000000),
(727, 'Mervin Oberbrunner', 6, '2021-12-25 15:15:33', '2021-12-25 15:15:33', 1, 6, 1, 0, '16604 Lester Street Suite 957\nLake Norenemouth, MO 70021', NULL, NULL, NULL, NULL, NULL, NULL, '+12403450429', '2021-12-29', 'Bartoletti', 0, NULL, '16:19', 'client6799114', NULL, 23.5499100000000000000000000, 151.8090790000000000000000000),
(728, 'Raquel Larson', 1, '2021-12-25 15:15:33', '2021-12-25 15:15:33', 2, 8, 0, 0, '973 West River Apt. 035\nLueilwitzstad, FL 63036-9446', NULL, NULL, NULL, NULL, NULL, NULL, '(816) 574-8855', '2021-12-25', 'Crist', 0, NULL, '17:24', 'client776823317', NULL, -10.9226820000000000000000000, -45.9563740000000000000000000),
(729, 'Baby Kunde', 2, '2021-12-25 15:15:33', '2021-12-25 15:15:33', 1, 4, 1, 0, '88952 Gabe Ways Apt. 357\nOctaviamouth, DC 82182-9523', NULL, NULL, NULL, NULL, NULL, NULL, '863.747.0532', '2021-12-27', 'Gerlach', 0, NULL, '11:35', 'client118249905', NULL, 60.0545300000000000000000000, -157.4828960000000000000000000),
(730, 'Angelita Schaefer', 2, '2021-12-25 15:15:33', '2021-12-25 15:15:33', 2, 9, 1, 1, '797 Moen Point\nPort Elta, VA 76395', NULL, NULL, NULL, NULL, NULL, NULL, '+1-727-782-1343', '2021-12-27', 'White', 0, NULL, '01:20', 'client820109198', NULL, -2.8600240000000000000000000, 88.2430420000000000000000000),
(731, 'Mr. Wilfredo McGlynn', 2, '2021-12-25 15:15:33', '2021-12-25 15:15:33', 1, 9, 1, 0, '56751 Kemmer Mission Apt. 060\nMaybellefurt, NJ 43566', NULL, NULL, NULL, NULL, NULL, NULL, '+1-678-575-6783', '2021-12-29', 'Weimann', 0, NULL, '11:47', 'client975793125', NULL, 60.7371410000000000000000000, 43.4016350000000000000000000),
(732, 'Kianna Johns', 3, '2021-12-25 15:15:33', '2021-12-25 15:15:33', 2, 9, 1, 0, '39563 Sigrid Highway\nNorth Dorafurt, FL 38644', NULL, NULL, NULL, NULL, NULL, NULL, '+1.773.841.4656', '2021-12-25', 'Boyer', 0, NULL, '19:02', 'client255156357', NULL, -41.5289640000000000000000000, -170.8689280000000000000000000),
(733, 'Estella Fisher II', 1, '2021-12-25 15:15:33', '2021-12-25 15:15:33', 1, 8, 1, 0, '2582 Satterfield Pine Suite 284\nMaiyamouth, RI 41481-3840', NULL, NULL, NULL, NULL, NULL, NULL, '360.768.7003', '2021-12-26', 'Ward', 0, NULL, '01:59', 'client905187138', NULL, -71.1825690000000000000000000, 154.5132250000000000000000000),
(734, 'Kira Abernathy', 5, '2021-12-25 15:15:33', '2021-12-25 15:15:33', 2, 7, 1, 0, '6422 Conn Stream\nNorth Jammie, PA 55865', NULL, NULL, NULL, NULL, NULL, NULL, '+1.862.854.8886', '2021-12-30', 'Emmerich', 0, NULL, '15:53', 'client842329797', NULL, 7.9782750000000000000000000, 133.4085780000000000000000000),
(735, 'Abigail Bauch', 7, '2021-12-25 15:15:33', '2021-12-25 15:15:33', 2, 9, 1, 1, '367 Rutherford Junction\nTowneberg, NC 56949', NULL, NULL, NULL, NULL, NULL, NULL, '+1-951-368-3822', '2021-12-27', 'Ortiz', 0, NULL, '23:39', 'client997021659', NULL, 78.2072370000000000000000000, -41.8381680000000000000000000),
(736, 'Jaylin O\'Kon', 6, '2021-12-25 15:15:33', '2021-12-25 15:15:33', 2, 8, 1, 0, '54490 Hessel Skyway Apt. 523\nNorth Lesly, MT 55375-3221', NULL, NULL, NULL, NULL, NULL, NULL, '+1-435-554-9591', '2021-12-30', 'Haley', 0, NULL, '01:24', 'client722762895', NULL, 60.4709250000000000000000000, -9.0606800000000000000000000),
(737, 'Maxie Crooks', 6, '2021-12-25 15:15:33', '2021-12-25 15:15:33', 1, 7, 1, 0, '471 Linwood Lodge Suite 373\nLake Joanne, CA 17433', NULL, NULL, NULL, NULL, NULL, NULL, '(678) 517-3811', '2021-12-27', 'Baumbach', 0, NULL, '12:45', 'client198469809', NULL, 62.0538980000000000000000000, 108.9555230000000000000000000),
(738, 'Tom Johnston', 7, '2021-12-25 15:15:33', '2021-12-25 15:15:33', 2, 9, 0, 1, '73195 Julian Mount Apt. 024\nSouth Angelica, VA 95269-2037', NULL, NULL, NULL, NULL, NULL, NULL, '386.977.0754', '2021-12-28', 'Harber', 0, NULL, '05:57', 'client98141066', NULL, -9.1917880000000000000000000, -120.4178140000000000000000000),
(739, 'Lewis Roberts', 5, '2021-12-25 15:15:33', '2021-12-25 15:15:33', 1, 5, 1, 1, '185 Lueilwitz Village Apt. 418\nShadborough, NY 27259', NULL, NULL, NULL, NULL, NULL, NULL, '+1-540-523-0472', '2021-12-26', 'Kris', 0, NULL, '18:01', 'client543578813', NULL, 47.7282280000000000000000000, -119.1172250000000000000000000),
(740, 'Myah Lakin Jr.', 6, '2021-12-25 15:15:33', '2021-12-25 15:15:33', 2, 7, 0, 1, '98815 Judy Corner Suite 968\nEast Kaya, NC 35248', NULL, NULL, NULL, NULL, NULL, NULL, '+1.310.500.7067', '2021-12-26', 'Mertz', 0, NULL, '11:25', 'client832822754', NULL, -19.9236200000000000000000000, 139.2821730000000000000000000),
(741, 'Miss Estella Mayer', 6, '2021-12-25 15:15:33', '2021-12-25 15:15:33', 1, 9, 1, 0, '1923 Homenick Falls Apt. 603\nLake Anne, NM 70677-1294', NULL, NULL, NULL, NULL, NULL, NULL, '1-380-829-4892', '2021-12-30', 'Bechtelar', 0, NULL, '11:59', 'client916675902', NULL, 40.9128040000000000000000000, 33.8383640000000000000000000),
(742, 'Sally Krajcik PhD', 2, '2021-12-25 15:15:33', '2021-12-25 15:15:33', 1, 8, 1, 0, '8089 Nikolaus Via\nLake Minerva, KS 73413', NULL, NULL, NULL, NULL, NULL, NULL, '+15185500785', '2021-12-27', 'Friesen', 0, NULL, '06:46', 'client775820992', NULL, 68.6811460000000000000000000, -154.3641360000000000000000000),
(743, 'Kristin Armstrong', 4, '2021-12-25 15:15:33', '2021-12-25 15:15:33', 1, 7, 1, 0, '55819 Archibald Meadow Suite 013\nFreddieview, NH 68423-3991', NULL, NULL, NULL, NULL, NULL, NULL, '(571) 570-8890', '2021-12-25', 'O\'Keefe', 0, NULL, '20:02', 'client496089335', NULL, 36.7774650000000000000000000, 95.4043280000000000000000000),
(744, 'Jewell Purdy', 7, '2021-12-25 15:15:33', '2021-12-25 15:15:33', 1, 6, 0, 0, '42301 Jordi Green\nLavadahaven, ME 26408', NULL, NULL, NULL, NULL, NULL, NULL, '+16783617699', '2021-12-25', 'Batz', 0, NULL, '19:10', 'client945083117', NULL, -79.8440790000000000000000000, -11.4442060000000000000000000),
(745, 'Dr. Rex Quitzon PhD', 5, '2021-12-25 15:15:33', '2021-12-25 15:15:33', 2, 5, 0, 1, '140 Alessia Pine\nKunzefurt, ID 43627-5869', NULL, NULL, NULL, NULL, NULL, NULL, '(283) 213-5934', '2021-12-26', 'Ebert', 0, NULL, '10:24', 'client114544280', NULL, 87.3076660000000000000000000, -62.2581900000000000000000000),
(746, 'Tracy Farrell', 6, '2021-12-25 15:15:33', '2021-12-25 15:15:33', 2, 9, 1, 1, '60341 Kamren Stream\nLake Jermaineville, TN 58000-5304', NULL, NULL, NULL, NULL, NULL, NULL, '+1-863-507-8099', '2021-12-26', 'Stehr', 0, NULL, '21:04', 'client509262373', NULL, 51.7737490000000000000000000, -126.6679280000000000000000000),
(747, 'Mr. Salvador Cremin', 1, '2021-12-25 15:15:33', '2021-12-25 15:15:33', 2, 5, 1, 1, '164 Antoinette Rest Apt. 007\nWest Elton, VA 19885-0832', NULL, NULL, NULL, NULL, NULL, NULL, '1-940-494-8787', '2021-12-27', 'Watsica', 0, NULL, '15:58', 'client990713957', NULL, -37.5441870000000000000000000, 161.9149440000000000000000000),
(748, 'Mable Borer', 3, '2021-12-25 15:15:33', '2021-12-25 15:15:33', 2, 8, 0, 1, '25510 Vernie Mountain Apt. 126\nSouth Toni, AZ 30732', NULL, NULL, NULL, NULL, NULL, NULL, '346-680-0273', '2021-12-26', 'Graham', 0, NULL, '20:10', 'client98190694', NULL, 53.2322020000000000000000000, -40.4261360000000000000000000),
(749, 'Prof. Lula Yost', 7, '2021-12-25 15:15:33', '2021-12-25 15:15:33', 1, 7, 0, 1, '8554 Ratke Orchard Suite 792\nDoyleview, OK 23447', NULL, NULL, NULL, NULL, NULL, NULL, '1-551-568-8485', '2021-12-30', 'Abshire', 0, NULL, '07:47', 'client318439349', NULL, 65.2567420000000000000000000, -73.5723550000000000000000000),
(750, 'Trudie VonRueden', 1, '2021-12-25 15:15:33', '2021-12-25 15:15:33', 2, 8, 0, 1, '34100 Lottie Mill\nHarveyton, NM 02958-8732', NULL, NULL, NULL, NULL, NULL, NULL, '(574) 232-8529', '2021-12-25', 'Huel', 0, NULL, '05:55', 'client30703574', NULL, 22.8768840000000000000000000, -2.7515150000000000000000000),
(751, 'Edmund Fisher', 2, '2021-12-25 15:15:33', '2021-12-25 15:15:33', 2, 8, 1, 0, '191 Hintz Island Suite 368\nBartellchester, NJ 51437', NULL, NULL, NULL, NULL, NULL, NULL, '832.492.8166', '2021-12-29', 'Hagenes', 0, NULL, '01:03', 'client393028562', NULL, -68.9149360000000000000000000, -19.8919490000000000000000000),
(752, 'Elizabeth Glover', 1, '2021-12-25 15:15:33', '2021-12-25 15:15:33', 2, 4, 0, 1, '251 Delphia Street Suite 638\nLockmanfort, DC 00042', NULL, NULL, NULL, NULL, NULL, NULL, '+1 (385) 920-7092', '2021-12-25', 'O\'Connell', 0, NULL, '17:26', 'client516635002', NULL, -51.4019820000000000000000000, 25.4090590000000000000000000);
INSERT INTO `leads` (`id`, `name`, `count`, `created_at`, `updated_at`, `campaign_id`, `admin_id`, `assigned`, `completed`, `address`, `advisor`, `day`, `language`, `nationality`, `postcode`, `location`, `telprivat`, `appointmentdate`, `lname`, `wantsonline`, `app`, `time`, `slug`, `assign_date`, `lati`, `longi`) VALUES
(753, 'Mr. Sigmund Schneider', 5, '2021-12-25 15:15:33', '2021-12-25 15:15:33', 1, 8, 1, 0, '52460 Darrel Fall Suite 111\nWest Jorge, MI 64437', NULL, NULL, NULL, NULL, NULL, NULL, '1-805-979-2703', '2021-12-26', 'Spinka', 0, NULL, '15:29', 'client976195280', NULL, 87.9989040000000000000000000, 2.5571500000000000000000000),
(754, 'Prof. Timmothy Konopelski DVM', 6, '2021-12-25 15:15:33', '2021-12-25 15:15:33', 1, 5, 1, 1, '320 Emmy Flat Apt. 656\nWest Xzavierland, NE 29891-6463', NULL, NULL, NULL, NULL, NULL, NULL, '575.612.1235', '2021-12-25', 'Kemmer', 0, NULL, '08:39', 'client879540046', NULL, 27.6853740000000000000000000, 143.9630910000000000000000000),
(755, 'Ms. Sabina McLaughlin PhD', 1, '2021-12-25 15:15:33', '2021-12-25 15:15:33', 2, 9, 0, 0, '56293 Hessel Locks Apt. 859\nSouth Bertrandstad, CO 70991', NULL, NULL, NULL, NULL, NULL, NULL, '+1-901-672-4126', '2021-12-30', 'Crist', 0, NULL, '04:19', 'client581447504', NULL, -11.5575110000000000000000000, 57.3999060000000000000000000),
(756, 'Miss Hortense Kuhlman MD', 1, '2021-12-25 15:15:33', '2021-12-25 15:15:33', 2, 5, 0, 1, '158 Conn Shoals\nPort Celestinefurt, ID 39690-1486', NULL, NULL, NULL, NULL, NULL, NULL, '+1-662-957-6375', '2021-12-27', 'Kohler', 0, NULL, '02:24', 'client881004365', NULL, 63.3756340000000000000000000, 63.0025810000000000000000000),
(757, 'Guy Marquardt', 4, '2021-12-25 15:15:33', '2021-12-25 15:15:33', 1, 8, 1, 1, '145 Pagac Skyway Apt. 377\nNorth Antonetteberg, FL 68728-7352', NULL, NULL, NULL, NULL, NULL, NULL, '726.862.0232', '2021-12-25', 'Treutel', 0, NULL, '21:45', 'client747919869', NULL, 24.2879720000000000000000000, -27.4025510000000000000000000),
(758, 'Geovanny Kiehn', 2, '2021-12-25 15:15:33', '2021-12-25 15:15:33', 1, 7, 0, 1, '528 Jaeden Port Apt. 718\nClementinamouth, GA 40384', NULL, NULL, NULL, NULL, NULL, NULL, '+1-385-806-8365', '2021-12-26', 'Boyle', 0, NULL, '11:53', 'client567842432', NULL, -50.5883690000000000000000000, 103.4600390000000000000000000),
(759, 'Araceli Kunze', 1, '2021-12-25 15:15:33', '2021-12-25 15:15:33', 2, 7, 0, 1, '94471 Rudy Spurs\nPort Miraclemouth, DE 11166', NULL, NULL, NULL, NULL, NULL, NULL, '+1.818.698.6881', '2021-12-30', 'Walter', 0, NULL, '14:53', 'client367236720', NULL, 60.0630740000000000000000000, 78.2252120000000000000000000),
(760, 'Roberto Hettinger', 3, '2021-12-25 15:15:33', '2021-12-25 15:15:33', 1, 8, 0, 1, '478 Kaia Forge\nCreolaville, WA 67825', NULL, NULL, NULL, NULL, NULL, NULL, '+1-870-858-6976', '2021-12-30', 'Fahey', 0, NULL, '06:27', 'client994984065', NULL, -5.2917890000000000000000000, -88.1542800000000000000000000),
(761, 'Tressa Marvin III', 1, '2021-12-25 15:15:33', '2021-12-25 15:15:33', 2, 9, 1, 1, '187 Marcel Turnpike\nKshlerinchester, MD 42330', NULL, NULL, NULL, NULL, NULL, NULL, '+1-732-931-1492', '2021-12-25', 'Vandervort', 0, NULL, '06:50', 'client428256051', NULL, 81.9655310000000000000000000, 92.7764330000000000000000000),
(762, 'Dr. Bianka Predovic', 3, '2021-12-25 15:15:33', '2021-12-25 15:15:33', 2, 6, 1, 0, '991 Blanca Alley Apt. 907\nWest Amietown, CO 77261', NULL, NULL, NULL, NULL, NULL, NULL, '417.527.1372', '2021-12-28', 'Daniel', 0, NULL, '01:53', 'client413009926', NULL, -62.2188270000000000000000000, -90.9437600000000000000000000),
(763, 'Raegan Collins MD', 2, '2021-12-25 15:15:33', '2021-12-25 15:15:33', 2, 8, 0, 0, '671 Hettinger Drive\nSouth Pascale, PA 84816', NULL, NULL, NULL, NULL, NULL, NULL, '(847) 672-6982', '2021-12-29', 'Hagenes', 0, NULL, '23:03', 'client481682827', NULL, -58.7955970000000000000000000, 16.6076570000000000000000000),
(764, 'Celia Feest', 6, '2021-12-25 15:15:33', '2021-12-25 15:15:33', 2, 4, 1, 1, '870 Stanford Route\nSouth Ciara, OR 19666-1970', NULL, NULL, NULL, NULL, NULL, NULL, '1-309-482-8100', '2021-12-27', 'Schmidt', 0, NULL, '06:34', 'client85657361', NULL, -79.7190100000000000000000000, -9.2968690000000000000000000),
(765, 'Maud Lueilwitz', 5, '2021-12-25 15:15:33', '2021-12-25 15:15:33', 2, 4, 1, 0, '692 Herzog Trail\nJarretbury, GA 93608', NULL, NULL, NULL, NULL, NULL, NULL, '458.276.0399', '2021-12-29', 'Mills', 0, NULL, '00:37', 'client427385250', NULL, 56.6981690000000000000000000, -152.7525710000000000000000000),
(766, 'Prof. Darrion Runolfsson II', 6, '2021-12-25 15:15:33', '2021-12-25 15:15:33', 2, 4, 1, 0, '91048 Runte Trafficway\nGermanstad, CO 63415', NULL, NULL, NULL, NULL, NULL, NULL, '+1 (754) 966-6150', '2021-12-25', 'Konopelski', 0, NULL, '08:12', 'client4836931', NULL, 78.0528520000000000000000000, 166.9853170000000000000000000),
(767, 'Felipe Schuppe', 4, '2021-12-25 15:15:33', '2021-12-25 15:15:33', 1, 4, 0, 1, '43409 Wisozk Burgs Apt. 608\nUllrichchester, VT 03670-3455', NULL, NULL, NULL, NULL, NULL, NULL, '+1 (620) 393-2751', '2021-12-30', 'Schowalter', 0, NULL, '14:48', 'client835764775', NULL, 88.2811410000000000000000000, -47.0955680000000000000000000),
(768, 'Ubaldo Hane MD', 1, '2021-12-25 15:15:33', '2021-12-25 15:15:33', 2, 9, 1, 1, '79796 Wiegand Ways Suite 013\nRobintown, WA 52429', NULL, NULL, NULL, NULL, NULL, NULL, '1-650-553-8455', '2021-12-30', 'Jast', 0, NULL, '08:01', 'client795255620', NULL, 5.2849500000000000000000000, -0.3450189999999999600000000),
(769, 'Raheem Kris', 2, '2021-12-25 15:15:33', '2021-12-25 15:15:33', 2, 7, 0, 1, '977 Dulce Ports\nHarbermouth, ID 60247-4253', NULL, NULL, NULL, NULL, NULL, NULL, '1-878-799-7368', '2021-12-29', 'Schulist', 0, NULL, '12:32', 'client695346325', NULL, -12.9599580000000000000000000, -22.2274960000000000000000000),
(770, 'Lia Koepp Sr.', 4, '2021-12-25 15:15:33', '2021-12-25 15:15:33', 2, 6, 0, 1, '129 Chadrick Unions Suite 630\nNorth Bethelton, SC 80740', NULL, NULL, NULL, NULL, NULL, NULL, '(678) 882-6040', '2021-12-25', 'Dicki', 0, NULL, '20:46', 'client29194442', NULL, -56.7184190000000000000000000, -100.8501940000000000000000000),
(771, 'Sherman Lueilwitz', 5, '2021-12-25 15:15:33', '2021-12-25 15:15:33', 2, 7, 1, 1, '3357 Stokes Port\nFelicitaton, NH 72992', NULL, NULL, NULL, NULL, NULL, NULL, '+1.336.975.6197', '2021-12-28', 'Ankunding', 0, NULL, '05:26', 'client511298373', NULL, 51.4798010000000000000000000, -31.7042870000000000000000000),
(772, 'Brenna Pollich V', 5, '2021-12-25 15:15:33', '2021-12-25 15:15:33', 1, 8, 0, 1, '7174 Schmitt Lock Suite 104\nPacochaton, VT 09537-8302', NULL, NULL, NULL, NULL, NULL, NULL, '+1-502-861-9659', '2021-12-28', 'Kiehn', 0, NULL, '15:24', 'client482826640', NULL, 76.5440210000000000000000000, 98.8303850000000000000000000),
(773, 'Ms. Madeline Klocko', 3, '2021-12-25 15:15:33', '2021-12-25 15:15:33', 2, 8, 1, 1, '76979 Sauer Crossroad Suite 828\nNorth Mallieville, WY 41607-3090', NULL, NULL, NULL, NULL, NULL, NULL, '1-650-825-1071', '2021-12-29', 'Toy', 0, NULL, '12:39', 'client513073148', NULL, 60.2336190000000000000000000, -82.7006280000000000000000000),
(774, 'Dr. Dorothea Schmidt', 6, '2021-12-25 15:15:33', '2021-12-25 15:15:33', 1, 9, 0, 1, '5643 Gerhold Crossroad Apt. 053\nPort Kaitlin, IL 43802-5580', NULL, NULL, NULL, NULL, NULL, NULL, '1-228-985-3921', '2021-12-25', 'Greenfelder', 0, NULL, '08:42', 'client955900407', NULL, 68.9848630000000000000000000, 30.3642580000000000000000000),
(775, 'Dr. Liza Franecki', 5, '2021-12-25 15:15:33', '2021-12-25 15:15:33', 1, 9, 1, 1, '619 Maggio Fall Suite 291\nPort Winonabury, FL 34645-0699', NULL, NULL, NULL, NULL, NULL, NULL, '(630) 916-1397', '2021-12-25', 'Ortiz', 0, NULL, '02:54', 'client101559272', NULL, -27.1305150000000000000000000, 55.2041550000000000000000000),
(776, 'Arielle O\'Hara', 3, '2021-12-25 15:15:33', '2021-12-25 15:15:33', 2, 5, 1, 0, '14242 Alfonzo Islands\nLake Abelardoburgh, KS 20455', NULL, NULL, NULL, NULL, NULL, NULL, '863.701.9850', '2021-12-26', 'Nienow', 0, NULL, '23:07', 'client555126018', NULL, 50.4928200000000000000000000, -28.5370640000000000000000000),
(777, 'Gerald Brakus DVM', 4, '2021-12-25 15:15:33', '2021-12-25 15:15:33', 1, 6, 1, 1, '30708 Rosalinda Lock Suite 127\nLuellahaven, MI 03609', NULL, NULL, NULL, NULL, NULL, NULL, '863.915.3818', '2021-12-26', 'Schmeler', 0, NULL, '15:58', 'client439891998', NULL, 50.3407080000000000000000000, 6.1977420000000000000000000),
(778, 'Dr. Demario Lehner', 7, '2021-12-25 15:15:33', '2021-12-25 15:15:33', 2, 9, 0, 1, '1753 Tate Meadows\nMillsborough, NH 48730-1099', NULL, NULL, NULL, NULL, NULL, NULL, '+1-586-365-6115', '2021-12-26', 'Goyette', 0, NULL, '05:00', 'client23356335', NULL, 35.1792540000000000000000000, 141.6151190000000000000000000),
(779, 'Francesco Johnston', 6, '2021-12-25 15:15:33', '2021-12-25 15:15:33', 1, 8, 1, 0, '676 Jedidiah Via Apt. 248\nFrancoville, CO 87647', NULL, NULL, NULL, NULL, NULL, NULL, '1-912-456-5847', '2021-12-28', 'Schmeler', 0, NULL, '11:52', 'client556107859', NULL, -25.8389850000000000000000000, 169.0258910000000000000000000),
(780, 'Evelyn Pfeffer', 3, '2021-12-25 15:15:33', '2021-12-25 15:15:33', 1, 4, 0, 0, '73395 Ward Causeway\nKatrinaview, AZ 25172', NULL, NULL, NULL, NULL, NULL, NULL, '(858) 993-0694', '2021-12-27', 'D\'Amore', 0, NULL, '14:16', 'client44195462', NULL, -68.5199560000000000000000000, -57.6872680000000000000000000),
(781, 'Solon Kerluke', 7, '2021-12-25 15:15:33', '2021-12-25 15:15:33', 1, 5, 0, 0, '25569 Rosario Coves\nSouth Jackie, AZ 11699', NULL, NULL, NULL, NULL, NULL, NULL, '870-437-3551', '2021-12-29', 'McDermott', 0, NULL, '04:26', 'client884199277', NULL, 48.8022820000000000000000000, -48.7121110000000000000000000),
(782, 'Prof. Tanner Carroll', 2, '2021-12-25 15:15:33', '2021-12-25 15:15:33', 2, 9, 0, 1, '692 Cormier Vista\nMathewfort, TN 91032-7782', NULL, NULL, NULL, NULL, NULL, NULL, '1-352-788-4747', '2021-12-27', 'Kuvalis', 0, NULL, '10:54', 'client548442840', NULL, 74.7715020000000000000000000, -173.4247870000000000000000000),
(783, 'Ms. Dasia Hirthe MD', 3, '2021-12-25 15:15:33', '2021-12-25 15:15:33', 2, 7, 0, 0, '665 Zieme Shoal\nPort Angusborough, NY 24793', NULL, NULL, NULL, NULL, NULL, NULL, '+1.260.995.9136', '2021-12-26', 'Koelpin', 0, NULL, '15:40', 'client233011694', NULL, 41.7717360000000000000000000, -43.3553620000000000000000000),
(784, 'Prof. Dante Schroeder', 7, '2021-12-25 15:15:33', '2021-12-25 15:15:33', 2, 5, 0, 0, '129 Mayer Shores\nEdenmouth, SD 21336-6524', NULL, NULL, NULL, NULL, NULL, NULL, '220-394-9314', '2021-12-27', 'Schowalter', 0, NULL, '18:43', 'client730741799', NULL, 51.0150150000000000000000000, 67.5648770000000000000000000),
(785, 'Maude Mills', 2, '2021-12-25 15:15:33', '2021-12-25 15:15:33', 1, 7, 1, 1, '2352 Furman Mountain\nFritschmouth, NY 59559', NULL, NULL, NULL, NULL, NULL, NULL, '214.460.9063', '2021-12-30', 'Miller', 0, NULL, '15:03', 'client13340101', NULL, -88.2466720000000000000000000, 110.0710780000000000000000000),
(786, 'Keenan Collier', 4, '2021-12-25 15:15:33', '2021-12-25 15:15:33', 2, 6, 0, 1, '573 Hayes Camp\nPort Leone, NM 41384', NULL, NULL, NULL, NULL, NULL, NULL, '843.462.5453', '2021-12-25', 'Wiegand', 0, NULL, '02:51', 'client139691009', NULL, -25.4746100000000000000000000, -143.5046150000000000000000000),
(787, 'Verna Moen Sr.', 1, '2021-12-25 15:15:33', '2021-12-25 15:15:33', 1, 8, 0, 0, '66109 Boyle Cove Suite 369\nWest Jasmin, KY 19535-4152', NULL, NULL, NULL, NULL, NULL, NULL, '+1-757-381-9411', '2021-12-30', 'Grimes', 0, NULL, '02:09', 'client383864580', NULL, 44.0561540000000000000000000, 175.9486080000000000000000000),
(788, 'Jacques Flatley V', 1, '2021-12-25 15:15:33', '2021-12-25 15:15:33', 1, 7, 1, 1, '78739 Cartwright Station\nEast Treshire, IL 76489-8574', NULL, NULL, NULL, NULL, NULL, NULL, '574-916-1833', '2021-12-29', 'Dooley', 0, NULL, '03:47', 'client505602036', NULL, 21.0608920000000000000000000, -10.7724910000000000000000000),
(789, 'Prof. Francisco Cartwright I', 5, '2021-12-25 15:15:33', '2021-12-25 15:15:33', 1, 8, 0, 0, '1034 Wade Trafficway\nJudyborough, NC 41088', NULL, NULL, NULL, NULL, NULL, NULL, '1-480-597-2875', '2021-12-29', 'Kling', 0, NULL, '13:02', 'client919179118', NULL, 61.5406770000000000000000000, -144.8479720000000000000000000),
(790, 'Mr. Lyric Boyle', 4, '2021-12-25 15:15:33', '2021-12-25 15:15:33', 2, 5, 0, 1, '2726 Alexa Center Apt. 609\nJoanaberg, KS 72898-4710', NULL, NULL, NULL, NULL, NULL, NULL, '1-562-624-8023', '2021-12-25', 'Collier', 0, NULL, '14:48', 'client880939076', NULL, -25.6704920000000000000000000, -22.1597800000000000000000000),
(791, 'Bianka Conn', 7, '2021-12-25 15:15:33', '2021-12-25 15:15:33', 1, 7, 0, 0, '13164 Eichmann Mission\nNorth Abigaylefort, AR 83649-6033', NULL, NULL, NULL, NULL, NULL, NULL, '1-205-488-6849', '2021-12-29', 'Beer', 0, NULL, '04:51', 'client637611674', NULL, -56.7509330000000000000000000, -81.4384900000000000000000000),
(792, 'Misael Goyette DDS', 5, '2021-12-25 15:15:33', '2021-12-25 15:15:33', 1, 4, 1, 0, '99164 Daniel Lock Apt. 736\nNorth Anjalichester, AZ 35390-6184', NULL, NULL, NULL, NULL, NULL, NULL, '(239) 922-6881', '2021-12-26', 'Goodwin', 0, NULL, '15:08', 'client323999071', NULL, 50.6315180000000000000000000, -160.2223750000000000000000000),
(793, 'Vincenzo Mertz', 5, '2021-12-25 15:15:33', '2021-12-25 15:15:33', 2, 8, 1, 0, '9643 Lysanne View Suite 637\nLudieborough, MO 64990-9034', NULL, NULL, NULL, NULL, NULL, NULL, '+1-425-730-8447', '2021-12-27', 'Wolf', 0, NULL, '04:09', 'client158804780', NULL, -36.2806940000000000000000000, -41.3932370000000000000000000),
(794, 'Dr. Vergie Kuhn Jr.', 3, '2021-12-25 15:15:33', '2021-12-25 15:15:33', 1, 6, 0, 1, '88601 Beahan Crossing Suite 292\nJacobiport, MI 83026-9938', NULL, NULL, NULL, NULL, NULL, NULL, '1-458-240-5545', '2021-12-27', 'Frami', 0, NULL, '11:29', 'client761469873', NULL, 40.5313430000000000000000000, 105.7645880000000000000000000),
(795, 'Adolfo Dickens', 4, '2021-12-25 15:15:33', '2021-12-25 15:15:33', 1, 6, 0, 1, '42372 Sydnie Overpass\nEast Camren, RI 19605', NULL, NULL, NULL, NULL, NULL, NULL, '1-903-859-8435', '2021-12-29', 'Tremblay', 0, NULL, '13:55', 'client777621655', NULL, -36.9350290000000000000000000, 162.5240670000000000000000000),
(796, 'Jessyca Robel', 2, '2021-12-25 15:15:33', '2021-12-25 15:15:33', 2, 6, 0, 0, '311 Tad Ramp\nNoeliastad, NE 59541-0705', NULL, NULL, NULL, NULL, NULL, NULL, '+1-970-332-3129', '2021-12-29', 'O\'Kon', 0, NULL, '08:13', 'client882057309', NULL, 63.0671540000000000000000000, -121.9640110000000000000000000),
(797, 'Kim Bode', 7, '2021-12-25 15:15:33', '2021-12-25 15:15:33', 1, 7, 1, 1, '53141 Herman Square Apt. 905\nLake Dena, NM 24793-4219', NULL, NULL, NULL, NULL, NULL, NULL, '580.963.5669', '2021-12-27', 'Lubowitz', 0, NULL, '16:18', 'client145927554', NULL, 15.9390410000000000000000000, -64.6629890000000000000000000),
(798, 'Maryam Hauck', 5, '2021-12-25 15:15:33', '2021-12-25 15:15:33', 2, 8, 0, 0, '27647 Whitney Motorway Suite 797\nJailynbury, VT 65923-6102', NULL, NULL, NULL, NULL, NULL, NULL, '914.380.2608', '2021-12-28', 'Labadie', 0, NULL, '00:19', 'client468149157', NULL, 84.5251260000000000000000000, -101.2106780000000000000000000),
(799, 'Cathryn Lueilwitz', 2, '2021-12-25 15:15:33', '2021-12-25 15:15:33', 2, 7, 1, 0, '3462 Monserrat Centers Apt. 553\nSouth Arneside, MD 50537', NULL, NULL, NULL, NULL, NULL, NULL, '+1-330-757-1481', '2021-12-30', 'Ernser', 0, NULL, '22:09', 'client625273133', NULL, 82.2063610000000000000000000, 77.0473490000000000000000000),
(800, 'Nash Jones', 6, '2021-12-25 15:15:33', '2021-12-25 15:15:33', 2, 9, 1, 1, '7593 Graham Trace Apt. 816\nHahnton, KS 14052', NULL, NULL, NULL, NULL, NULL, NULL, '+1 (321) 477-0006', '2021-12-26', 'Langworth', 0, NULL, '05:08', 'client893816732', NULL, -77.9907060000000000000000000, 11.4684910000000000000000000),
(801, 'Ronaldo Schaden', 3, '2021-12-25 15:15:33', '2021-12-25 15:15:33', 1, 4, 1, 1, '2476 Cummings Locks Apt. 555\nLake Clevefurt, CA 93122', NULL, NULL, NULL, NULL, NULL, NULL, '661-935-4273', '2021-12-26', 'Jerde', 0, NULL, '05:17', 'client97005596', NULL, -70.1753620000000000000000000, -115.3420110000000000000000000),
(802, 'Hermina Bernhard', 4, '2021-12-25 15:15:33', '2021-12-25 15:15:33', 1, 7, 1, 0, '9537 Murray Rue\nJacintoborough, TX 85397-0726', NULL, NULL, NULL, NULL, NULL, NULL, '+13865732411', '2021-12-27', 'Ondricka', 0, NULL, '07:42', 'client690036386', NULL, 50.4595050000000000000000000, 136.9183150000000000000000000),
(803, 'Mario Nolan', 2, '2021-12-25 15:15:33', '2021-12-25 15:15:33', 1, 5, 1, 0, '174 Margarete Rapid\nPort Marcelo, AK 45152-9176', NULL, NULL, NULL, NULL, NULL, NULL, '779-286-1819', '2021-12-28', 'Mitchell', 0, NULL, '00:42', 'client438407112', NULL, -63.9585860000000000000000000, -137.6527310000000000000000000),
(804, 'Yolanda Gislason DDS', 6, '2021-12-25 15:15:33', '2021-12-25 15:15:33', 2, 7, 0, 0, '4582 Terrance Brooks Suite 834\nBernierfurt, NM 06925-9494', NULL, NULL, NULL, NULL, NULL, NULL, '949-525-9319', '2021-12-26', 'Heaney', 0, NULL, '23:59', 'client264341149', NULL, 80.4585760000000000000000000, -168.9817760000000000000000000),
(805, 'Vicky Crooks', 1, '2021-12-25 15:15:33', '2021-12-25 15:15:33', 2, 4, 0, 1, '165 Harmon Summit Suite 983\nJarrodhaven, MS 27820-0984', NULL, NULL, NULL, NULL, NULL, NULL, '936.930.9536', '2021-12-27', 'Zieme', 0, NULL, '16:02', 'client119684505', NULL, -68.3713130000000000000000000, 5.3726410000000000000000000),
(806, 'Cordia Donnelly', 7, '2021-12-25 15:15:33', '2021-12-25 15:15:33', 2, 5, 0, 0, '920 Crona Station\nEast Addison, TX 48681-1424', NULL, NULL, NULL, NULL, NULL, NULL, '256-254-9082', '2021-12-30', 'Schulist', 0, NULL, '01:32', 'client318880715', NULL, 83.3172980000000000000000000, -75.2766620000000000000000000),
(807, 'Tiffany Larson Jr.', 2, '2021-12-25 15:15:33', '2021-12-25 15:15:33', 1, 8, 0, 0, '7523 Reilly Hills Suite 149\nMontyside, OR 88584', NULL, NULL, NULL, NULL, NULL, NULL, '+1 (669) 952-7447', '2021-12-27', 'Little', 0, NULL, '06:30', 'client560950221', NULL, 8.6353640000000000000000000, -172.7786230000000000000000000),
(808, 'Mona Stoltenberg', 7, '2021-12-25 15:15:33', '2021-12-25 15:15:33', 1, 8, 0, 0, '96732 Mante Lake\nEast Evan, NM 01736-3984', NULL, NULL, NULL, NULL, NULL, NULL, '413-290-7869', '2021-12-25', 'Bergnaum', 0, NULL, '22:38', 'client509800236', NULL, 20.5433760000000000000000000, -30.5275240000000000000000000),
(809, 'Benton Bode', 5, '2021-12-25 15:15:33', '2021-12-25 15:15:33', 1, 8, 1, 0, '9467 Mayer Valley Suite 464\nNorth Kyraville, DE 16424-3160', NULL, NULL, NULL, NULL, NULL, NULL, '+1 (413) 879-4349', '2021-12-28', 'Heller', 0, NULL, '20:12', 'client725601479', NULL, -14.7326980000000000000000000, 46.4080670000000000000000000),
(810, 'Lonny Lehner Jr.', 4, '2021-12-25 15:15:33', '2021-12-25 15:15:33', 2, 6, 0, 0, '74106 Rosetta Island Suite 573\nHalvorsonfurt, NC 26617', NULL, NULL, NULL, NULL, NULL, NULL, '(334) 605-2214', '2021-12-27', 'Roob', 0, NULL, '22:08', 'client218927307', NULL, 29.7116660000000000000000000, 0.9215930000000000000000000),
(811, 'Prof. Albert Nader', 3, '2021-12-25 15:15:33', '2021-12-25 15:15:33', 2, 7, 0, 0, '74877 Anita Viaduct\nRupertland, WA 16361', NULL, NULL, NULL, NULL, NULL, NULL, '629.281.1262', '2021-12-28', 'Kessler', 0, NULL, '23:42', 'client234729972', NULL, -68.9457780000000000000000000, 48.7402460000000000000000000),
(812, 'Mr. Jan Hauck', 2, '2021-12-25 15:15:33', '2021-12-25 15:15:33', 1, 4, 0, 0, '870 Cassin Viaduct Suite 687\nFeeneytown, MI 11796-4054', NULL, NULL, NULL, NULL, NULL, NULL, '408.762.9420', '2021-12-29', 'Balistreri', 0, NULL, '09:08', 'client303307920', NULL, -59.4328240000000000000000000, -9.9925700000000000000000000),
(813, 'Hiram Crona', 6, '2021-12-25 15:15:33', '2021-12-25 15:15:33', 1, 4, 0, 0, '91044 Edwardo Summit Apt. 766\nMarafort, PA 61837-0156', NULL, NULL, NULL, NULL, NULL, NULL, '+1 (930) 416-9701', '2021-12-26', 'Kiehn', 0, NULL, '19:33', 'client124691055', NULL, 56.0323000000000000000000000, -50.4045240000000000000000000),
(814, 'Dr. Kenyon Auer', 5, '2021-12-25 15:15:33', '2021-12-25 15:15:33', 2, 5, 0, 1, '187 Rolfson Fork\nKlockoville, ID 70642', NULL, NULL, NULL, NULL, NULL, NULL, '423-989-9587', '2021-12-29', 'O\'Connell', 0, NULL, '18:43', 'client145078800', NULL, 88.8871800000000000000000000, 62.0648670000000000000000000),
(815, 'Austen Runolfsson IV', 3, '2021-12-25 15:15:33', '2021-12-25 15:15:33', 1, 8, 0, 0, '21222 Verlie Squares Apt. 712\nNolanside, AR 49108-7141', NULL, NULL, NULL, NULL, NULL, NULL, '+1-956-880-5727', '2021-12-27', 'O\'Kon', 0, NULL, '13:57', 'client451838483', NULL, -19.9689340000000000000000000, 102.0215860000000000000000000),
(816, 'Remington O\'Keefe', 7, '2021-12-25 15:15:33', '2021-12-25 15:15:33', 1, 9, 1, 0, '807 Kris Extension\nSouth Kristoferton, RI 85243-0677', NULL, NULL, NULL, NULL, NULL, NULL, '+1-574-258-2297', '2021-12-27', 'Moen', 0, NULL, '19:37', 'client469125888', NULL, 20.9638290000000000000000000, 31.7739410000000000000000000),
(817, 'Hellen Wilkinson', 7, '2021-12-25 15:15:33', '2021-12-25 15:15:33', 2, 8, 0, 0, '70117 Colton Route\nEast Margretmouth, CO 51302-7420', NULL, NULL, NULL, NULL, NULL, NULL, '+1.719.657.1507', '2021-12-29', 'Orn', 0, NULL, '19:12', 'client844634073', NULL, 47.1063680000000000000000000, 123.0133920000000000000000000),
(818, 'Aisha Douglas', 3, '2021-12-25 15:15:33', '2021-12-25 15:15:33', 1, 4, 1, 1, '87638 Jed Stream\nAllyton, AR 89685-5344', NULL, NULL, NULL, NULL, NULL, NULL, '+1-725-333-2287', '2021-12-28', 'Frami', 0, NULL, '01:29', 'client251342841', NULL, -88.4648150000000000000000000, 4.4010190000000000000000000),
(819, 'Letha Schmeler I', 1, '2021-12-25 15:15:33', '2021-12-25 15:15:33', 1, 9, 0, 0, '2863 Nolan Vista\nSouth Eleazar, SD 31877', NULL, NULL, NULL, NULL, NULL, NULL, '808-662-4434', '2021-12-27', 'Lowe', 0, NULL, '10:17', 'client459879927', NULL, 35.7393390000000000000000000, 103.9512070000000000000000000),
(820, 'Chadrick Waters', 5, '2021-12-25 15:15:33', '2021-12-25 15:15:33', 1, 9, 1, 0, '56960 Dave Park Suite 604\nSouth Murlberg, OH 32152-0051', NULL, NULL, NULL, NULL, NULL, NULL, '1-347-459-8444', '2021-12-28', 'Hudson', 0, NULL, '01:09', 'client700625209', NULL, 15.6682970000000000000000000, -121.1419450000000000000000000),
(821, 'Twila Ankunding', 6, '2021-12-25 15:15:33', '2021-12-25 15:15:33', 2, 6, 0, 1, '3238 Maxie River\nLake Amy, NE 49494-8956', NULL, NULL, NULL, NULL, NULL, NULL, '1-585-704-3452', '2021-12-30', 'Simonis', 0, NULL, '13:02', 'client25838993', NULL, 23.8224230000000000000000000, 108.5696970000000000000000000),
(822, 'Miss Neha Nikolaus', 3, '2021-12-25 15:15:33', '2021-12-25 15:15:33', 2, 4, 0, 1, '78844 Sporer Crest\nNew Katelynnbury, MN 69441-0699', NULL, NULL, NULL, NULL, NULL, NULL, '715-660-3285', '2021-12-26', 'Lubowitz', 0, NULL, '02:25', 'client258958820', NULL, -69.2877890000000000000000000, 49.3264960000000000000000000),
(823, 'Luther Hegmann', 3, '2021-12-25 15:15:33', '2021-12-25 15:15:33', 1, 4, 1, 1, '292 O\'Kon Springs Apt. 541\nNew Sebastian, CA 71993-3384', NULL, NULL, NULL, NULL, NULL, NULL, '657-623-6964', '2021-12-30', 'Lesch', 0, NULL, '10:47', 'client580263045', NULL, -36.5297500000000000000000000, 122.0291370000000000000000000),
(824, 'Justina Cormier', 7, '2021-12-25 15:15:33', '2021-12-25 15:15:33', 1, 8, 0, 1, '9807 Andreanne Forge Suite 313\nKutchfurt, KS 48518-9128', NULL, NULL, NULL, NULL, NULL, NULL, '636-529-5197', '2021-12-27', 'Waters', 0, NULL, '07:53', 'client4784881', NULL, 57.2277420000000000000000000, 173.3434430000000000000000000),
(825, 'Antonetta Heaney DDS', 3, '2021-12-25 15:15:33', '2021-12-25 15:15:33', 2, 4, 1, 0, '20776 Kshlerin Circle Suite 446\nSouth Llewellyn, NE 39266-1946', NULL, NULL, NULL, NULL, NULL, NULL, '+1-380-277-1446', '2021-12-28', 'Wilkinson', 0, NULL, '03:46', 'client796840743', NULL, -60.2296160000000000000000000, 172.3651120000000000000000000),
(826, 'Brady D\'Amore', 1, '2021-12-25 15:15:33', '2021-12-25 15:15:33', 2, 4, 0, 0, '9275 Quigley Roads Apt. 064\nNorth Colten, PA 65095-5724', NULL, NULL, NULL, NULL, NULL, NULL, '(364) 497-7231', '2021-12-29', 'Effertz', 0, NULL, '23:50', 'client520315895', NULL, -19.3110170000000000000000000, -5.4994120000000000000000000),
(827, 'Orville Cartwright', 1, '2021-12-25 15:15:33', '2021-12-25 15:15:33', 2, 9, 0, 1, '767 Morissette Passage Apt. 558\nOrnport, VA 02972', NULL, NULL, NULL, NULL, NULL, NULL, '+1.240.412.3861', '2021-12-28', 'Hegmann', 0, NULL, '13:26', 'client847367162', NULL, -85.6544550000000000000000000, -158.0882520000000000000000000),
(828, 'Eladio Koch', 4, '2021-12-25 15:15:33', '2021-12-25 15:15:33', 2, 7, 0, 0, '403 Elda Lodge\nGoodwinstad, SD 50263-1564', NULL, NULL, NULL, NULL, NULL, NULL, '(419) 473-6982', '2021-12-29', 'Rippin', 0, NULL, '06:56', 'client590269545', NULL, -22.9278670000000000000000000, -154.7907350000000000000000000),
(829, 'Bennett Adams', 7, '2021-12-25 15:15:33', '2021-12-25 15:15:33', 2, 5, 1, 1, '30846 Kiehn Rapids\nNew Lacyshire, MD 66659-9594', NULL, NULL, NULL, NULL, NULL, NULL, '646.389.8260', '2021-12-25', 'Willms', 0, NULL, '02:09', 'client440308163', NULL, 78.7601500000000000000000000, 39.6252350000000000000000000),
(830, 'Cesar Lockman DDS', 2, '2021-12-25 15:15:33', '2021-12-25 15:15:33', 1, 6, 1, 1, '890 Bode Shoals\nLake Angus, CT 63284', NULL, NULL, NULL, NULL, NULL, NULL, '+1.240.579.4786', '2021-12-30', 'Parker', 0, NULL, '22:12', 'client846314571', NULL, 73.3180590000000000000000000, 82.5374270000000000000000000),
(831, 'Charity Koss', 2, '2021-12-25 15:15:33', '2021-12-25 15:15:33', 2, 5, 0, 1, '14995 Simonis Place\nNikolaustown, NV 36824-5453', NULL, NULL, NULL, NULL, NULL, NULL, '+1-857-252-1240', '2021-12-27', 'Kerluke', 0, NULL, '13:20', 'client793304794', NULL, -63.0980960000000000000000000, 49.1485680000000000000000000),
(832, 'Augustus Leuschke', 7, '2021-12-25 15:15:33', '2021-12-25 15:15:33', 1, 9, 0, 1, '3323 Lang Pike Apt. 581\nSchmittton, NC 82655', NULL, NULL, NULL, NULL, NULL, NULL, '(386) 369-9583', '2021-12-30', 'McClure', 0, NULL, '00:38', 'client335851210', NULL, 9.2262850000000000000000000, -0.3195840000000000000000000),
(833, 'Paolo Lind', 4, '2021-12-25 15:15:33', '2021-12-25 15:15:33', 1, 7, 0, 0, '416 Crawford Fields Apt. 175\nBotsfordshire, FL 21346', NULL, NULL, NULL, NULL, NULL, NULL, '+1-984-817-4193', '2021-12-30', 'Hodkiewicz', 0, NULL, '06:24', 'client966352382', NULL, 18.9539710000000000000000000, -132.7393250000000000000000000),
(834, 'Prof. Kyleigh Langosh V', 7, '2021-12-25 15:15:33', '2021-12-25 15:15:33', 2, 8, 1, 0, '2125 Johnson Spur\nSchummview, UT 17931-7109', NULL, NULL, NULL, NULL, NULL, NULL, '1-470-721-9098', '2021-12-28', 'Doyle', 0, NULL, '15:54', 'client472309038', NULL, -64.2133000000000000000000000, 102.6075580000000000000000000),
(835, 'Paul Will', 2, '2021-12-25 15:15:33', '2021-12-25 15:15:33', 2, 9, 1, 1, '33054 Bernhard Lake Apt. 637\nLednerbury, GA 15184', NULL, NULL, NULL, NULL, NULL, NULL, '+1 (970) 340-2173', '2021-12-26', 'Murphy', 0, NULL, '09:09', 'client836374917', NULL, -18.3666010000000000000000000, 72.6285390000000000000000000),
(836, 'Dr. Kaycee Gaylord', 7, '2021-12-25 15:15:33', '2021-12-25 15:15:33', 1, 5, 1, 1, '7805 Tamara Grove Suite 215\nMosciskichester, NV 75855', NULL, NULL, NULL, NULL, NULL, NULL, '(423) 418-3653', '2021-12-28', 'Kuphal', 0, NULL, '16:05', 'client521708363', NULL, -82.2783600000000000000000000, 67.6768840000000000000000000),
(837, 'Uriah Kilback', 2, '2021-12-25 15:15:33', '2021-12-25 15:15:33', 2, 9, 1, 0, '6192 Tristin Causeway\nPort Leta, OR 05631-4332', NULL, NULL, NULL, NULL, NULL, NULL, '1-386-797-6714', '2021-12-29', 'Hill', 0, NULL, '19:00', 'client99193568', NULL, 38.1804910000000000000000000, 5.4068750000000000000000000),
(838, 'Dr. Mohammad Kautzer IV', 5, '2021-12-25 15:15:33', '2021-12-25 15:15:33', 1, 8, 1, 0, '2341 Kyla Pike Apt. 800\nElliottborough, NM 31037-3064', NULL, NULL, NULL, NULL, NULL, NULL, '325-651-0590', '2021-12-26', 'Jerde', 0, NULL, '00:22', 'client556388438', NULL, -45.3709640000000000000000000, 33.3046450000000000000000000),
(839, 'Carolina Watsica', 3, '2021-12-25 15:15:33', '2021-12-25 15:15:33', 2, 7, 0, 0, '9829 Vallie Street Suite 612\nHamillburgh, PA 64402-8848', NULL, NULL, NULL, NULL, NULL, NULL, '1-854-202-6635', '2021-12-26', 'Hegmann', 0, NULL, '11:21', 'client553454384', NULL, 78.4718150000000000000000000, 158.4786670000000000000000000),
(840, 'Bette Lesch III', 6, '2021-12-25 15:15:33', '2021-12-25 15:15:33', 1, 7, 1, 1, '1837 King Trafficway Suite 386\nLake Marjorie, RI 31140-9290', NULL, NULL, NULL, NULL, NULL, NULL, '(469) 508-7891', '2021-12-25', 'Bechtelar', 0, NULL, '14:52', 'client822385729', NULL, -61.0259810000000000000000000, 17.0403730000000000000000000),
(841, 'Mr. Giovanni King', 6, '2021-12-25 15:15:33', '2021-12-25 15:15:33', 1, 9, 1, 1, '91774 Bradtke Inlet Apt. 553\nWest Linneaport, GA 32027-0365', NULL, NULL, NULL, NULL, NULL, NULL, '1-704-425-8779', '2021-12-30', 'Lesch', 0, NULL, '08:32', 'client834884888', NULL, -71.5990460000000000000000000, 61.8958110000000000000000000),
(842, 'Delores Blick', 5, '2021-12-25 15:15:33', '2021-12-25 15:15:33', 1, 5, 0, 0, '4273 Lue Islands\nSouth Minafort, TX 34561', NULL, NULL, NULL, NULL, NULL, NULL, '564.646.5085', '2021-12-25', 'Von', 0, NULL, '21:45', 'client266680529', NULL, 7.9544700000000000000000000, 44.5728240000000000000000000),
(843, 'Guy Friesen III', 4, '2021-12-25 15:15:33', '2021-12-25 15:15:33', 1, 6, 1, 0, '286 Chet Ridges Apt. 271\nNew Monaside, WI 12635', NULL, NULL, NULL, NULL, NULL, NULL, '336-256-0728', '2021-12-28', 'Pfeffer', 0, NULL, '08:32', 'client748929051', NULL, -11.0675920000000000000000000, -134.0142160000000000000000000),
(844, 'Lizzie Gulgowski', 6, '2021-12-25 15:15:33', '2021-12-25 15:15:33', 1, 7, 1, 1, '50850 Bartoletti Bypass Suite 403\nNorth Grover, GA 17744', NULL, NULL, NULL, NULL, NULL, NULL, '1-845-868-2078', '2021-12-25', 'Auer', 0, NULL, '21:49', 'client388582558', NULL, 63.0975810000000000000000000, -101.2645750000000000000000000),
(845, 'Adan Barton', 1, '2021-12-25 15:15:33', '2021-12-25 15:15:33', 1, 4, 0, 1, '3313 Nikolaus Dam Suite 475\nNaderstad, ID 73938', NULL, NULL, NULL, NULL, NULL, NULL, '(754) 952-6602', '2021-12-29', 'Connelly', 0, NULL, '04:58', 'client702166129', NULL, 2.7356260000000000000000000, -160.3719650000000000000000000),
(846, 'Prof. Lucious Little V', 4, '2021-12-25 15:15:33', '2021-12-25 15:15:33', 1, 5, 1, 1, '872 Torphy Flats Apt. 219\nWardview, ND 73905', NULL, NULL, NULL, NULL, NULL, NULL, '+1-720-994-6116', '2021-12-26', 'Turcotte', 0, NULL, '01:28', 'client932354853', NULL, -78.8368100000000000000000000, 178.7007440000000000000000000),
(847, 'Dewitt Sanford', 2, '2021-12-25 15:15:33', '2021-12-25 15:15:33', 2, 4, 0, 1, '631 Bernier Spur\nWest Stephonside, OH 43051', NULL, NULL, NULL, NULL, NULL, NULL, '(872) 776-0666', '2021-12-29', 'Wintheiser', 0, NULL, '02:21', 'client438185112', NULL, -81.0857910000000000000000000, -14.5398740000000000000000000),
(848, 'Otha Welch', 2, '2021-12-25 15:15:33', '2021-12-25 15:15:33', 2, 4, 0, 1, '2722 Hillard Alley Apt. 035\nMoenport, IL 56692', NULL, NULL, NULL, NULL, NULL, NULL, '+13044955237', '2021-12-25', 'Kerluke', 0, NULL, '18:56', 'client985926701', NULL, 5.6088720000000000000000000, 52.4271130000000000000000000),
(849, 'Dr. Frida Yundt II', 2, '2021-12-25 15:15:33', '2021-12-25 15:15:33', 1, 8, 1, 0, '8117 Jarod Mall\nWest Nova, VT 24277-2885', NULL, NULL, NULL, NULL, NULL, NULL, '+12814490182', '2021-12-26', 'Adams', 0, NULL, '08:43', 'client915396767', NULL, 63.2911820000000000000000000, -98.2949480000000000000000000);

-- --------------------------------------------------------

--
-- Table structure for table `migrations`
--

CREATE TABLE `migrations` (
  `id` int(10) UNSIGNED NOT NULL,
  `migration` varchar(255) COLLATE utf8mb4_unicode_ci NOT NULL,
  `batch` int(11) NOT NULL
) ENGINE=InnoDB DEFAULT CHARSET=utf8mb4 COLLATE=utf8mb4_unicode_ci;

--
-- Dumping data for table `migrations`
--

INSERT INTO `migrations` (`id`, `migration`, `batch`) VALUES
(1, '2014_10_12_000000_create_users_table', 1),
(2, '2014_10_12_100000_create_password_resets_table', 1),
(3, '2019_08_19_000000_create_failed_jobs_table', 1),
(4, '2019_12_14_000001_create_personal_access_tokens_table', 1),
(5, '2021_11_25_100748_changeuser', 1),
(6, '2021_11_25_103611_create_roles_table', 2),
(7, '2021_11_25_104229_costumers_table_migration', 2),
(8, '2021_11_25_105731_costumer_add_field', 3),
(10, '2021_11_25_121655_change_user_fields_pin', 4),
(11, '2021_11_25_122936_create_admins_table', 5),
(12, '2021_11_25_123543_admins_pin_column', 6),
(13, '2021_11_25_124108_admins_confirmed_field', 7),
(14, '2021_11_25_152405_add_online_admins', 8),
(15, '2021_11_26_124724_create_costumers_table', 9),
(22, '2021_11_27_132304_create_leads_table', 10),
(23, '2021_11_27_142414_change_campaign_leads', 10),
(24, '2021_11_27_150841_add_token_admins', 11),
(25, '2021_11_27_152057_add_unsigned_leads', 12),
(26, '2021_11_29_105505_add_completed_leads', 12),
(28, '2021_11_29_114109_add_details_costumer', 13),
(29, '2021_11_29_130943_add_actions_costumer', 14),
(30, '2021_11_29_150416_add_address_leads', 15),
(32, '2021_11_30_105617_lead_add_fields', 16),
(33, '2021_11_30_111015_add_fields_costumers', 17),
(34, '2021_11_30_135639_create_campaigns_table', 18),
(35, '2021_11_30_151111_add_lead_online', 19),
(36, '2021_12_01_095352_create_chats_table', 20),
(37, '2021_12_01_153328_add_app_field', 21),
(38, '2021_12_04_113832_appointment_add_time', 22),
(39, '2021_12_04_132939_add_slug_leads', 23),
(40, '2021_12_06_144011_create_appointments_table', 24),
(41, '2021_12_06_152927_add_birthday_lname_appointments', 25),
(42, '2021_12_07_133128_rejected_leads', 26),
(43, '2021_12_08_134715_add_status_app', 27),
(45, '2021_12_09_122641_create_notifications_table', 28),
(46, '2021_12_10_121024_add_data_csapp', 29),
(47, '2021_12_16_130603_deletedlead', 30),
(48, '2021_12_16_154813_add_address', 30),
(49, '2021_12_17_124420_add_number_admins', 30),
(50, '2021_12_18_092220_add_firsttime', 30),
(51, '2021_12_21_085934_add_contracts_csapp', 31),
(52, '2021_12_21_143920_create_todos_table', 32);

-- --------------------------------------------------------

--
-- Table structure for table `notifications`
--

CREATE TABLE `notifications` (
  `id` bigint(20) UNSIGNED NOT NULL,
  `receiver_id` int(11) NOT NULL,
  `text` varchar(255) COLLATE utf8mb4_unicode_ci NOT NULL,
  `done` tinyint(1) NOT NULL DEFAULT '0',
  `created_at` timestamp NULL DEFAULT NULL,
  `updated_at` timestamp NULL DEFAULT NULL
) ENGINE=InnoDB DEFAULT CHARSET=utf8mb4 COLLATE=utf8mb4_unicode_ci;

--
-- Dumping data for table `notifications`
--

INSERT INTO `notifications` (`id`, `receiver_id`, `text`, `done`, `created_at`, `updated_at`) VALUES
(1, 1, 'You were appointed a lead!', 1, NULL, '2021-12-23 16:44:54'),
(2, 1, 'Your salary for this month is CHF 8,751.22!', 1, NULL, '2021-12-23 16:44:54'),
(3, 1, 'Your absence request was approved!', 1, NULL, '2021-12-23 16:44:54');

-- --------------------------------------------------------

--
-- Table structure for table `password_resets`
--

CREATE TABLE `password_resets` (
  `email` varchar(255) COLLATE utf8mb4_unicode_ci NOT NULL,
  `token` varchar(255) COLLATE utf8mb4_unicode_ci NOT NULL,
  `created_at` timestamp NULL DEFAULT NULL
) ENGINE=InnoDB DEFAULT CHARSET=utf8mb4 COLLATE=utf8mb4_unicode_ci;

-- --------------------------------------------------------

--
-- Table structure for table `personal_access_tokens`
--

CREATE TABLE `personal_access_tokens` (
  `id` bigint(20) UNSIGNED NOT NULL,
  `tokenable_type` varchar(255) COLLATE utf8mb4_unicode_ci NOT NULL,
  `tokenable_id` bigint(20) UNSIGNED NOT NULL,
  `name` varchar(255) COLLATE utf8mb4_unicode_ci NOT NULL,
  `token` varchar(64) COLLATE utf8mb4_unicode_ci NOT NULL,
  `abilities` text COLLATE utf8mb4_unicode_ci,
  `last_used_at` timestamp NULL DEFAULT NULL,
  `created_at` timestamp NULL DEFAULT NULL,
  `updated_at` timestamp NULL DEFAULT NULL
) ENGINE=InnoDB DEFAULT CHARSET=utf8mb4 COLLATE=utf8mb4_unicode_ci;

-- --------------------------------------------------------

--
-- Table structure for table `rejectedleads`
--

CREATE TABLE `rejectedleads` (
  `id` bigint(20) UNSIGNED NOT NULL,
  `leads_id` int(11) NOT NULL,
  `admin_id` int(11) NOT NULL,
  `reason` varchar(255) COLLATE utf8mb4_unicode_ci NOT NULL,
  `image` varchar(255) COLLATE utf8mb4_unicode_ci NOT NULL,
  `created_at` timestamp NULL DEFAULT NULL,
  `updated_at` timestamp NULL DEFAULT NULL
) ENGINE=InnoDB DEFAULT CHARSET=utf8mb4 COLLATE=utf8mb4_unicode_ci;

--
-- Dumping data for table `rejectedleads`
--

INSERT INTO `rejectedleads` (`id`, `leads_id`, `admin_id`, `reason`, `image`, `created_at`, `updated_at`) VALUES
(1, 1, 1, 'wewq', 'wweqqwe', NULL, NULL);

-- --------------------------------------------------------

--
-- Table structure for table `roles`
--

CREATE TABLE `roles` (
  `id` bigint(20) UNSIGNED NOT NULL,
  `role` varchar(255) COLLATE utf8mb4_unicode_ci NOT NULL,
  `created_at` timestamp NULL DEFAULT NULL,
  `updated_at` timestamp NULL DEFAULT NULL
) ENGINE=InnoDB DEFAULT CHARSET=utf8mb4 COLLATE=utf8mb4_unicode_ci;

-- --------------------------------------------------------

--
-- Table structure for table `todos`
--

CREATE TABLE `todos` (
  `id` bigint(20) UNSIGNED NOT NULL,
  `admin_id` int(11) NOT NULL,
  `text` varchar(255) COLLATE utf8mb4_unicode_ci DEFAULT NULL,
  `done` tinyint(1) NOT NULL DEFAULT '0',
  `created_at` timestamp NULL DEFAULT NULL,
  `updated_at` timestamp NULL DEFAULT NULL,
  `number` tinyint(1) NOT NULL DEFAULT '0'
) ENGINE=InnoDB DEFAULT CHARSET=utf8mb4 COLLATE=utf8mb4_unicode_ci;

--
-- Dumping data for table `todos`
--

INSERT INTO `todos` (`id`, `admin_id`, `text`, `done`, `created_at`, `updated_at`, `number`) VALUES
(55, 1, '045917726', 0, '2021-12-22 08:22:42', '2021-12-22 08:22:42', 1),
(56, 1, '044854449', 0, '2021-12-22 08:22:48', '2021-12-22 08:22:48', 1),
(59, 1, 'aaaa', 0, '2021-12-25 09:06:31', '2021-12-25 09:06:31', 0),
(60, 1, '1', 0, '2021-12-25 09:08:06', '2021-12-25 09:08:06', 0),
(61, 1, 'aaa', 0, '2021-12-25 09:08:10', '2021-12-25 09:08:10', 0),
(66, 1, 'aa', 0, '2021-12-25 09:10:27', '2021-12-25 09:10:27', 0),
(67, 1, 'aaa', 0, '2021-12-25 09:10:32', '2021-12-25 09:10:32', 0),
(72, 2, 'To do today work', 0, '2021-12-25 12:51:14', '2021-12-25 12:51:14', 0),
(73, 2, 'Send an email to bulzarti@gmail.com', 0, '2021-12-25 12:51:24', '2021-12-25 12:51:24', 0);

-- --------------------------------------------------------

--
-- Table structure for table `users`
--

CREATE TABLE `users` (
  `id` bigint(20) UNSIGNED NOT NULL,
  `name` varchar(255) COLLATE utf8mb4_unicode_ci NOT NULL,
  `email` varchar(255) COLLATE utf8mb4_unicode_ci NOT NULL,
  `email_verified_at` timestamp NULL DEFAULT NULL,
  `password` varchar(255) COLLATE utf8mb4_unicode_ci NOT NULL,
  `remember_token` varchar(100) COLLATE utf8mb4_unicode_ci DEFAULT NULL,
  `created_at` timestamp NULL DEFAULT NULL,
  `updated_at` timestamp NULL DEFAULT NULL,
  `role` varchar(255) COLLATE utf8mb4_unicode_ci NOT NULL,
  `pin` int(11) NOT NULL,
  `confirmed` tinyint(1) NOT NULL
) ENGINE=InnoDB DEFAULT CHARSET=utf8mb4 COLLATE=utf8mb4_unicode_ci;

--
-- Dumping data for table `users`
--

INSERT INTO `users` (`id`, `name`, `email`, `email_verified_at`, `password`, `remember_token`, `created_at`, `updated_at`, `role`, `pin`, `confirmed`) VALUES
(1, 'Bulzart', 'bulzarti@gmail.com', NULL, '$2y$10$2QWY1.0Hayb3nfdBHgV.PuaH0k/Pv44ze9Nar3gpKg/j0FR.hwIyO', NULL, '2021-11-25 11:07:57', '2021-11-25 11:07:57', 'sm', 0, 0);

--
-- Indexes for dumped tables
--

--
-- Indexes for table `admins`
--
ALTER TABLE `admins`
  ADD PRIMARY KEY (`id`),
  ADD UNIQUE KEY `admins_email_unique` (`email`),
  ADD KEY `admins_role_index` (`role`);

--
-- Indexes for table `campaigns`
--
ALTER TABLE `campaigns`
  ADD PRIMARY KEY (`id`);

--
-- Indexes for table `chats`
--
ALTER TABLE `chats`
  ADD PRIMARY KEY (`id`),
  ADD KEY `chats_costumer_id_index` (`costumer_id`),
  ADD KEY `chats_admin_id_index` (`admin_id`),
  ADD KEY `chats_rating_index` (`rating`);

--
-- Indexes for table `csapp`
--
ALTER TABLE `csapp`
  ADD PRIMARY KEY (`id`);

--
-- Indexes for table `deletedlead`
--
ALTER TABLE `deletedlead`
  ADD PRIMARY KEY (`id`);

--
-- Indexes for table `failed_jobs`
--
ALTER TABLE `failed_jobs`
  ADD PRIMARY KEY (`id`),
  ADD UNIQUE KEY `failed_jobs_uuid_unique` (`uuid`);

--
-- Indexes for table `leads`
--
ALTER TABLE `leads`
  ADD PRIMARY KEY (`id`),
  ADD KEY `leads_campaign_id_index` (`campaign_id`),
  ADD KEY `leads_address_index` (`address`),
  ADD KEY `leads_advisor_index` (`advisor`),
  ADD KEY `leads_nationality_index` (`nationality`),
  ADD KEY `leads_location_index` (`location`),
  ADD KEY `leads_telprivat_index` (`telprivat`),
  ADD KEY `leads_slug_index` (`slug`);

--
-- Indexes for table `migrations`
--
ALTER TABLE `migrations`
  ADD PRIMARY KEY (`id`);

--
-- Indexes for table `notifications`
--
ALTER TABLE `notifications`
  ADD PRIMARY KEY (`id`);

--
-- Indexes for table `password_resets`
--
ALTER TABLE `password_resets`
  ADD KEY `password_resets_email_index` (`email`);

--
-- Indexes for table `personal_access_tokens`
--
ALTER TABLE `personal_access_tokens`
  ADD PRIMARY KEY (`id`),
  ADD UNIQUE KEY `personal_access_tokens_token_unique` (`token`),
  ADD KEY `personal_access_tokens_tokenable_type_tokenable_id_index` (`tokenable_type`,`tokenable_id`);

--
-- Indexes for table `rejectedleads`
--
ALTER TABLE `rejectedleads`
  ADD PRIMARY KEY (`id`);

--
-- Indexes for table `roles`
--
ALTER TABLE `roles`
  ADD PRIMARY KEY (`id`),
  ADD KEY `roles_role_index` (`role`);

--
-- Indexes for table `todos`
--
ALTER TABLE `todos`
  ADD PRIMARY KEY (`id`);

--
-- Indexes for table `users`
--
ALTER TABLE `users`
  ADD PRIMARY KEY (`id`),
  ADD UNIQUE KEY `users_email_unique` (`email`),
  ADD KEY `users_role_index` (`role`);

--
-- AUTO_INCREMENT for dumped tables
--

--
-- AUTO_INCREMENT for table `admins`
--
ALTER TABLE `admins`
  MODIFY `id` bigint(20) UNSIGNED NOT NULL AUTO_INCREMENT, AUTO_INCREMENT=26;

--
-- AUTO_INCREMENT for table `campaigns`
--
ALTER TABLE `campaigns`
  MODIFY `id` bigint(20) UNSIGNED NOT NULL AUTO_INCREMENT, AUTO_INCREMENT=6;

--
-- AUTO_INCREMENT for table `chats`
--
ALTER TABLE `chats`
  MODIFY `id` bigint(20) UNSIGNED NOT NULL AUTO_INCREMENT, AUTO_INCREMENT=2;

--
-- AUTO_INCREMENT for table `csapp`
--
ALTER TABLE `csapp`
  MODIFY `id` bigint(20) UNSIGNED NOT NULL AUTO_INCREMENT, AUTO_INCREMENT=22;

--
-- AUTO_INCREMENT for table `deletedlead`
--
ALTER TABLE `deletedlead`
  MODIFY `id` bigint(20) UNSIGNED NOT NULL AUTO_INCREMENT;

--
-- AUTO_INCREMENT for table `failed_jobs`
--
ALTER TABLE `failed_jobs`
  MODIFY `id` bigint(20) UNSIGNED NOT NULL AUTO_INCREMENT;

--
-- AUTO_INCREMENT for table `leads`
--
ALTER TABLE `leads`
  MODIFY `id` bigint(20) UNSIGNED NOT NULL AUTO_INCREMENT, AUTO_INCREMENT=850;

--
-- AUTO_INCREMENT for table `migrations`
--
ALTER TABLE `migrations`
  MODIFY `id` int(10) UNSIGNED NOT NULL AUTO_INCREMENT, AUTO_INCREMENT=53;

--
-- AUTO_INCREMENT for table `notifications`
--
ALTER TABLE `notifications`
  MODIFY `id` bigint(20) UNSIGNED NOT NULL AUTO_INCREMENT, AUTO_INCREMENT=4;

--
-- AUTO_INCREMENT for table `personal_access_tokens`
--
ALTER TABLE `personal_access_tokens`
  MODIFY `id` bigint(20) UNSIGNED NOT NULL AUTO_INCREMENT;

--
-- AUTO_INCREMENT for table `rejectedleads`
--
ALTER TABLE `rejectedleads`
  MODIFY `id` bigint(20) UNSIGNED NOT NULL AUTO_INCREMENT, AUTO_INCREMENT=2;

--
-- AUTO_INCREMENT for table `roles`
--
ALTER TABLE `roles`
  MODIFY `id` bigint(20) UNSIGNED NOT NULL AUTO_INCREMENT;

--
-- AUTO_INCREMENT for table `todos`
--
ALTER TABLE `todos`
  MODIFY `id` bigint(20) UNSIGNED NOT NULL AUTO_INCREMENT, AUTO_INCREMENT=74;

--
-- AUTO_INCREMENT for table `users`
--
ALTER TABLE `users`
  MODIFY `id` bigint(20) UNSIGNED NOT NULL AUTO_INCREMENT, AUTO_INCREMENT=2;
COMMIT;

/*!40101 SET CHARACTER_SET_CLIENT=@OLD_CHARACTER_SET_CLIENT */;
/*!40101 SET CHARACTER_SET_RESULTS=@OLD_CHARACTER_SET_RESULTS */;
/*!40101 SET COLLATION_CONNECTION=@OLD_COLLATION_CONNECTION */;
